gene,arm,model,n,n_benign,scoreable,seeds,auc,auc_reference,delta,ci_low,ci_high,ci_excludes_zero
mean:MLH1+MSH2+MSH6,train-clinvar,aa_mlp,428,118,True,3,0.9123,0.8098,0.1025,0.0575,0.1487,True
mean:MLH1+MSH2+MSH6,train-clinvar,bilstm,428,118,True,3,0.9515,0.8098,0.1417,0.0945,0.1899,True
mean:MLH1+MSH2+MSH6,train-clinvar,bilstm_attn,428,118,True,3,0.9524,0.8098,0.1426,0.0963,0.1914,True
mean:MLH1+MSH2+MSH6,train-clinvar,cnn,428,118,True,3,0.9251,0.8098,0.1153,0.0716,0.1608,True
mean:MLH1+MSH2+MSH6,train-clinvar,gbm,428,118,True,3,0.9496,0.8098,0.1398,0.0904,0.1908,True
mean:MLH1+MSH2+MSH6,train-clinvar,mlp,428,118,True,3,0.9549,0.8098,0.1451,0.0973,0.1945,True
mean:MLH1+MSH2+MSH6,train-clinvar,transformer,428,118,True,3,0.8951,0.8098,0.0853,0.0339,0.1388,True
mean:MLH1+MSH2+MSH6,train-clinvar+pg_dms,aa_mlp,428,118,True,3,0.919,0.8098,0.1092,0.0617,0.1582,True
mean:MLH1+MSH2+MSH6,train-clinvar+pg_dms,bilstm,428,118,True,3,0.9442,0.8098,0.1343,0.0902,0.1817,True
mean:MLH1+MSH2+MSH6,train-clinvar+pg_dms,bilstm_attn,428,118,True,3,0.9473,0.8098,0.1374,0.0928,0.1849,True
mean:MLH1+MSH2+MSH6,train-clinvar+pg_dms,cnn,428,118,True,3,0.9164,0.8098,0.1065,0.0558,0.1589,True
mean:MLH1+MSH2+MSH6,train-clinvar+pg_dms,gbm,428,118,True,3,0.9252,0.8098,0.1154,0.068,0.1655,True
mean:MLH1+MSH2+MSH6,train-clinvar+pg_dms,mlp,428,118,True,3,0.9403,0.8098,0.1305,0.0844,0.1787,True
mean:MLH1+MSH2+MSH6,train-clinvar+pg_dms,transformer,428,118,True,3,0.9238,0.8098,0.114,0.0657,0.1649,True
mean:MLH1+MSH2+MSH6,train-clinvar__drop-domains-genomic-gnomad-prior_scores,aa_mlp,428,118,True,3,0.7778,0.8098,-0.0321,-0.0699,0.0065,False
mean:MLH1+MSH2+MSH6,train-clinvar__drop-domains-genomic-gnomad-prior_scores,bilstm,428,118,True,3,0.7664,0.8098,-0.0435,-0.0778,-0.0082,True
mean:MLH1+MSH2+MSH6,train-clinvar__drop-domains-genomic-gnomad-prior_scores,bilstm_attn,428,118,True,3,0.7813,0.8098,-0.0285,-0.0622,0.0053,False
mean:MLH1+MSH2+MSH6,train-clinvar__drop-domains-genomic-gnomad-prior_scores,cnn,428,118,True,3,0.7126,0.8098,-0.0973,-0.1392,-0.0542,True
mean:MLH1+MSH2+MSH6,train-clinvar__drop-domains-genomic-gnomad-prior_scores,gbm,428,118,True,3,0.7625,0.8098,-0.0473,-0.0797,-0.0156,True
mean:MLH1+MSH2+MSH6,train-clinvar__drop-domains-genomic-gnomad-prior_scores,transformer,428,118,True,3,0.7725,0.8098,-0.0373,-0.0961,0.0216,False
mean:MLH1+MSH2+MSH6,train-clinvar__drop-domains-genomic-gnomad-prior_scores-structure,aa_mlp,428,118,True,3,0.564,0.8098,-0.2459,-0.3158,-0.1757,True
mean:MLH1+MSH2+MSH6,train-clinvar__drop-domains-genomic-gnomad-prior_scores-structure,bilstm,428,118,True,3,0.6083,0.8098,-0.2015,-0.2711,-0.1309,True
mean:MLH1+MSH2+MSH6,train-clinvar__drop-domains-genomic-gnomad-prior_scores-structure,bilstm_attn,428,118,True,3,0.6629,0.8098,-0.1469,-0.216,-0.0769,True
mean:MLH1+MSH2+MSH6,train-clinvar__drop-domains-genomic-gnomad-prior_scores-structure,cnn,428,118,True,3,0.5116,0.8098,-0.2983,-0.3641,-0.2319,True
mean:MLH1+MSH2+MSH6,train-clinvar__drop-domains-genomic-gnomad-prior_scores-structure,transformer,428,118,True,3,0.7131,0.8098,-0.0967,-0.1651,-0.0286,True
mean:MLH1+MSH2+MSH6,train-clinvar__drop-domains-genomic-gnomad-structure,aa_mlp,428,118,True,3,0.8017,0.8098,-0.0082,-0.0648,0.0516,False
mean:MLH1+MSH2+MSH6,train-clinvar__drop-domains-genomic-gnomad-structure,bilstm,428,118,True,3,0.8962,0.8098,0.0864,0.0339,0.1402,True
mean:MLH1+MSH2+MSH6,train-clinvar__drop-domains-genomic-gnomad-structure,bilstm_attn,428,118,True,3,0.9089,0.8098,0.099,0.0477,0.1526,True
mean:MLH1+MSH2+MSH6,train-clinvar__drop-domains-genomic-gnomad-structure,cnn,428,118,True,3,0.72,0.8098,-0.0899,-0.1508,-0.0269,True
mean:MLH1+MSH2+MSH6,train-clinvar__drop-domains-genomic-gnomad-structure,gbm,428,118,True,3,0.8754,0.8098,0.0656,0.0091,0.1235,True
mean:MLH1+MSH2+MSH6,train-clinvar__drop-domains-genomic-gnomad-structure,mlp,428,118,True,3,0.9174,0.8098,0.1076,0.0547,0.1622,True
mean:MLH1+MSH2+MSH6,train-clinvar__drop-domains-genomic-gnomad-structure,transformer,428,118,True,3,0.7562,0.8098,-0.0537,-0.1176,0.0111,False
mean:MLH1+MSH2+MSH6,train-clinvar__drop-domains-genomic-prior_scores-structure,aa_mlp,428,118,True,3,0.8797,0.8098,0.0698,0.016,0.1242,True
mean:MLH1+MSH2+MSH6,train-clinvar__drop-domains-genomic-prior_scores-structure,bilstm,428,118,True,3,0.9089,0.8098,0.099,0.0419,0.156,True
mean:MLH1+MSH2+MSH6,train-clinvar__drop-domains-genomic-prior_scores-structure,bilstm_attn,428,118,True,3,0.9185,0.8098,0.1086,0.0537,0.1636,True
mean:MLH1+MSH2+MSH6,train-clinvar__drop-domains-genomic-prior_scores-structure,cnn,428,118,True,3,0.8585,0.8098,0.0486,-0.0087,0.107,False
mean:MLH1+MSH2+MSH6,train-clinvar__drop-domains-genomic-prior_scores-structure,gbm,428,118,True,3,0.844,0.8098,0.0342,-0.0294,0.0975,False
mean:MLH1+MSH2+MSH6,train-clinvar__drop-domains-genomic-prior_scores-structure,mlp,428,118,True,3,0.9184,0.8098,0.1086,0.0511,0.1665,True
mean:MLH1+MSH2+MSH6,train-clinvar__drop-domains-genomic-prior_scores-structure,transformer,428,118,True,3,0.8644,0.8098,0.0546,-0.0043,0.1146,False
mean:MLH1+MSH2+MSH6,train-clinvar__drop-domains-genomic-structure,aa_mlp,428,118,True,3,0.9136,0.8098,0.1038,0.0535,0.1554,True
mean:MLH1+MSH2+MSH6,train-clinvar__drop-domains-genomic-structure,bilstm,428,118,True,3,0.9629,0.8098,0.153,0.1037,0.2034,True
mean:MLH1+MSH2+MSH6,train-clinvar__drop-domains-genomic-structure,bilstm_attn,428,118,True,3,0.9648,0.8098,0.155,0.1046,0.2061,True
mean:MLH1+MSH2+MSH6,train-clinvar__drop-domains-genomic-structure,cnn,428,118,True,3,0.9116,0.8098,0.1017,0.0502,0.155,True
mean:MLH1+MSH2+MSH6,train-clinvar__drop-domains-genomic-structure,gbm,428,118,True,3,0.948,0.8098,0.1382,0.0855,0.1911,True
mean:MLH1+MSH2+MSH6,train-clinvar__drop-domains-genomic-structure,gbm-es50,428,118,True,3,0.9592,0.8098,0.1494,0.0992,0.2008,True
mean:MLH1+MSH2+MSH6,train-clinvar__drop-domains-genomic-structure,mlp,428,118,True,3,0.9623,0.8098,0.1525,0.1024,0.2038,True
mean:MLH1+MSH2+MSH6,train-clinvar__drop-domains-genomic-structure,transformer,428,118,True,3,0.9101,0.8098,0.1002,0.0467,0.1561,True
mean:MLH1+MSH2+MSH6,train-clinvar__drop-domains-gnomad-prior_scores-structure,aa_mlp,428,118,True,3,0.5333,0.8098,-0.2765,-0.3502,-0.2,True
mean:MLH1+MSH2+MSH6,train-clinvar__drop-domains-gnomad-prior_scores-structure,bilstm,428,118,True,3,0.4812,0.8098,-0.3286,-0.3997,-0.2528,True
mean:MLH1+MSH2+MSH6,train-clinvar__drop-domains-gnomad-prior_scores-structure,bilstm_attn,428,118,True,3,0.6083,0.8098,-0.2016,-0.2735,-0.1275,True
mean:MLH1+MSH2+MSH6,train-clinvar__drop-domains-gnomad-prior_scores-structure,cnn,428,118,True,3,0.5354,0.8098,-0.2745,-0.3392,-0.2078,True
mean:MLH1+MSH2+MSH6,train-clinvar__drop-domains-gnomad-prior_scores-structure,gbm,428,118,True,3,0.3877,0.8098,-0.4221,-0.4989,-0.3413,True
mean:MLH1+MSH2+MSH6,train-clinvar__drop-domains-gnomad-prior_scores-structure,mlp,428,118,True,3,0.4142,0.8098,-0.3956,-0.4715,-0.3169,True
mean:MLH1+MSH2+MSH6,train-clinvar__drop-domains-gnomad-prior_scores-structure,transformer,428,118,True,3,0.6706,0.8098,-0.1393,-0.2126,-0.0646,True
mean:MLH1+MSH2+MSH6,train-clinvar_expert,aa_mlp,428,118,True,3,0.904,0.8098,0.0942,0.0481,0.1423,True
mean:MLH1+MSH2+MSH6,train-clinvar_expert,bilstm,428,118,True,3,0.9407,0.8098,0.1309,0.0841,0.18,True
mean:MLH1+MSH2+MSH6,train-clinvar_expert,bilstm_attn,428,118,True,3,0.9336,0.8098,0.1238,0.0796,0.1703,True
mean:MLH1+MSH2+MSH6,train-clinvar_expert,cnn,428,118,True,3,0.8887,0.8098,0.0788,0.0317,0.1265,True
mean:MLH1+MSH2+MSH6,train-clinvar_expert,gbm,428,118,True,3,0.9436,0.8098,0.1337,0.0828,0.1864,True
mean:MLH1+MSH2+MSH6,train-clinvar_expert,mlp,428,118,True,3,0.9493,0.8098,0.1394,0.093,0.1871,True
mean:MLH1+MSH2+MSH6,train-clinvar_expert,transformer,428,118,True,3,0.8276,0.8098,0.0177,-0.0396,0.0766,False
mean:MLH1+MSH6,train-pg_dms,aa_mlp,252,62,True,3,0.9069,0.8086,0.0983,0.0376,0.1642,True
mean:MLH1+MSH6,train-pg_dms,bilstm,252,62,True,3,0.9322,0.8086,0.1236,0.0642,0.1878,True
mean:MLH1+MSH6,train-pg_dms,bilstm_attn,252,62,True,3,0.9169,0.8086,0.1082,0.0494,0.173,True
mean:MLH1+MSH6,train-pg_dms,cnn,252,62,True,3,0.8932,0.8086,0.0845,0.0194,0.1536,True
mean:MLH1+MSH6,train-pg_dms,gbm,252,62,True,3,0.9395,0.8086,0.1308,0.0711,0.1955,True
mean:MLH1+MSH6,train-pg_dms,mlp,252,62,True,3,0.9228,0.8086,0.1142,0.0542,0.1788,True
mean:MLH1+MSH6,train-pg_dms,transformer,252,62,True,3,0.8969,0.8086,0.0883,0.0266,0.154,True
MLH1,train-clinvar,aa_mlp,174,31,True,3,0.9222,0.7655,0.1566,0.0655,0.2555,True
MLH1,train-clinvar,bilstm,174,31,True,3,0.9634,0.7655,0.1978,0.1113,0.2923,True
MLH1,train-clinvar,bilstm_attn,174,31,True,3,0.9488,0.7655,0.1832,0.0942,0.2807,True
MLH1,train-clinvar,cnn,174,31,True,3,0.9383,0.7655,0.1727,0.093,0.2595,True
MLH1,train-clinvar,gbm,174,31,True,3,0.9631,0.7655,0.1975,0.0976,0.3029,True
MLH1,train-clinvar,mlp,174,31,True,3,0.963,0.7655,0.1975,0.1031,0.2978,True
MLH1,train-clinvar,transformer,174,31,True,3,0.8739,0.7655,0.1084,0.0095,0.2155,True
MLH1,train-clinvar+pg_dms,aa_mlp,174,31,True,3,0.9048,0.7655,0.1393,0.0506,0.2361,True
MLH1,train-clinvar+pg_dms,bilstm,174,31,True,3,0.9328,0.7655,0.1672,0.0794,0.2643,True
MLH1,train-clinvar+pg_dms,bilstm_attn,174,31,True,3,0.9185,0.7655,0.1529,0.0653,0.2504,True
MLH1,train-clinvar+pg_dms,cnn,174,31,True,3,0.9261,0.7655,0.1605,0.0674,0.2632,True
MLH1,train-clinvar+pg_dms,gbm,174,31,True,3,0.9251,0.7655,0.1596,0.07,0.2595,True
MLH1,train-clinvar+pg_dms,mlp,174,31,True,3,0.914,0.7655,0.1484,0.0502,0.2547,True
MLH1,train-clinvar+pg_dms,transformer,174,31,True,3,0.9254,0.7655,0.1599,0.0716,0.2582,True
MLH1,train-clinvar__drop-domains-genomic-gnomad-prior_scores,aa_mlp,174,31,True,3,0.7837,0.7655,0.0181,-0.0601,0.1,False
MLH1,train-clinvar__drop-domains-genomic-gnomad-prior_scores,bilstm,174,31,True,3,0.7496,0.7655,-0.0159,-0.0812,0.0506,False
MLH1,train-clinvar__drop-domains-genomic-gnomad-prior_scores,bilstm_attn,174,31,True,3,0.7701,0.7655,0.0045,-0.0534,0.0612,False
MLH1,train-clinvar__drop-domains-genomic-gnomad-prior_scores,cnn,174,31,True,3,0.7375,0.7655,-0.028,-0.0923,0.0387,False
MLH1,train-clinvar__drop-domains-genomic-gnomad-prior_scores,gbm,174,31,True,3,0.7283,0.7655,-0.0373,-0.1007,0.027,False
MLH1,train-clinvar__drop-domains-genomic-gnomad-prior_scores,transformer,174,31,True,3,0.7425,0.7655,-0.0231,-0.1338,0.0939,False
MLH1,train-clinvar__drop-domains-genomic-gnomad-prior_scores-structure,aa_mlp,174,31,True,3,0.5821,0.7655,-0.1835,-0.3182,-0.0432,True
MLH1,train-clinvar__drop-domains-genomic-gnomad-prior_scores-structure,bilstm,174,31,True,3,0.5867,0.7655,-0.1789,-0.3175,-0.0402,True
MLH1,train-clinvar__drop-domains-genomic-gnomad-prior_scores-structure,bilstm_attn,174,31,True,3,0.6607,0.7655,-0.1049,-0.2347,0.028,False
MLH1,train-clinvar__drop-domains-genomic-gnomad-prior_scores-structure,cnn,174,31,True,3,0.543,0.7655,-0.2226,-0.3466,-0.0968,True
MLH1,train-clinvar__drop-domains-genomic-gnomad-prior_scores-structure,transformer,174,31,True,3,0.683,0.7655,-0.0826,-0.2154,0.0539,False
MLH1,train-clinvar__drop-domains-genomic-gnomad-structure,aa_mlp,174,31,True,3,0.8101,0.7655,0.0446,-0.0804,0.1712,False
MLH1,train-clinvar__drop-domains-genomic-gnomad-structure,bilstm,174,31,True,3,0.8977,0.7655,0.1321,0.026,0.2425,True
MLH1,train-clinvar__drop-domains-genomic-gnomad-structure,bilstm_attn,174,31,True,3,0.9017,0.7655,0.1362,0.0274,0.2486,True
MLH1,train-clinvar__drop-domains-genomic-gnomad-structure,cnn,174,31,True,3,0.7986,0.7655,0.0331,-0.0788,0.1534,False
MLH1,train-clinvar__drop-domains-genomic-gnomad-structure,gbm,174,31,True,3,0.8549,0.7655,0.0894,-0.0396,0.2149,False
MLH1,train-clinvar__drop-domains-genomic-gnomad-structure,mlp,174,31,True,3,0.9065,0.7655,0.141,0.0246,0.2577,True
MLH1,train-clinvar__drop-domains-genomic-gnomad-structure,transformer,174,31,True,3,0.7169,0.7655,-0.0487,-0.1689,0.08,False
MLH1,train-clinvar__drop-domains-genomic-prior_scores-structure,aa_mlp,174,31,True,3,0.924,0.7655,0.1584,0.0485,0.2691,True
MLH1,train-clinvar__drop-domains-genomic-prior_scores-structure,bilstm,174,31,True,3,0.9377,0.7655,0.1722,0.0684,0.2786,True
MLH1,train-clinvar__drop-domains-genomic-prior_scores-structure,bilstm_attn,174,31,True,3,0.9425,0.7655,0.1769,0.0744,0.2827,True
MLH1,train-clinvar__drop-domains-genomic-prior_scores-structure,cnn,174,31,True,3,0.9119,0.7655,0.1464,0.043,0.2541,True
MLH1,train-clinvar__drop-domains-genomic-prior_scores-structure,gbm,174,31,True,3,0.919,0.7655,0.1535,0.0332,0.2714,True
MLH1,train-clinvar__drop-domains-genomic-prior_scores-structure,mlp,174,31,True,3,0.9149,0.7655,0.1493,0.0266,0.2703,True
MLH1,train-clinvar__drop-domains-genomic-prior_scores-structure,transformer,174,31,True,3,0.865,0.7655,0.0995,-0.0134,0.2186,False
MLH1,train-clinvar__drop-domains-genomic-structure,aa_mlp,174,31,True,3,0.947,0.7655,0.1814,0.0843,0.2852,True
MLH1,train-clinvar__drop-domains-genomic-structure,bilstm,174,31,True,3,0.9757,0.7655,0.2102,0.1164,0.3119,True
MLH1,train-clinvar__drop-domains-genomic-structure,bilstm_attn,174,31,True,3,0.979,0.7655,0.2135,0.1187,0.3158,True
MLH1,train-clinvar__drop-domains-genomic-structure,cnn,174,31,True,3,0.9676,0.7655,0.202,0.1067,0.3045,True
MLH1,train-clinvar__drop-domains-genomic-structure,gbm,174,31,True,3,0.9524,0.7655,0.1869,0.0719,0.3005,True
MLH1,train-clinvar__drop-domains-genomic-structure,gbm-es50,174,31,True,3,0.9597,0.7655,0.1941,0.0865,0.304,True
MLH1,train-clinvar__drop-domains-genomic-structure,mlp,174,31,True,3,0.9737,0.7655,0.2081,0.1104,0.3133,True
MLH1,train-clinvar__drop-domains-genomic-structure,transformer,174,31,True,3,0.9179,0.7655,0.1523,0.0526,0.2601,True
MLH1,train-clinvar__drop-domains-gnomad-prior_scores-structure,aa_mlp,174,31,True,3,0.5402,0.7655,-0.2254,-0.3685,-0.0737,True
MLH1,train-clinvar__drop-domains-gnomad-prior_scores-structure,bilstm,174,31,True,3,0.383,0.7655,-0.3826,-0.512,-0.2439,True
MLH1,train-clinvar__drop-domains-gnomad-prior_scores-structure,bilstm_attn,174,31,True,3,0.564,0.7655,-0.2015,-0.3333,-0.0629,True
MLH1,train-clinvar__drop-domains-gnomad-prior_scores-structure,cnn,174,31,True,3,0.4395,0.7655,-0.326,-0.4576,-0.1884,True
MLH1,train-clinvar__drop-domains-gnomad-prior_scores-structure,gbm,174,31,True,3,0.3807,0.7655,-0.3848,-0.5268,-0.2377,True
MLH1,train-clinvar__drop-domains-gnomad-prior_scores-structure,mlp,174,31,True,3,0.3324,0.7655,-0.4331,-0.5482,-0.3067,True
MLH1,train-clinvar__drop-domains-gnomad-prior_scores-structure,transformer,174,31,True,3,0.6234,0.7655,-0.1421,-0.2769,-0.0004,True
MLH1,train-clinvar_expert,aa_mlp,174,31,True,3,0.9062,0.7655,0.1407,0.0434,0.2414,True
MLH1,train-clinvar_expert,bilstm,174,31,True,3,0.9535,0.7655,0.1879,0.0982,0.2856,True
MLH1,train-clinvar_expert,bilstm_attn,174,31,True,3,0.9136,0.7655,0.1481,0.059,0.2413,True
MLH1,train-clinvar_expert,cnn,174,31,True,3,0.9044,0.7655,0.1388,0.0572,0.226,True
MLH1,train-clinvar_expert,gbm,174,31,True,3,0.9663,0.7655,0.2008,0.1026,0.3043,True
MLH1,train-clinvar_expert,mlp,174,31,True,3,0.9502,0.7655,0.1847,0.0912,0.2855,True
MLH1,train-clinvar_expert,transformer,174,31,True,3,0.7771,0.7655,0.0116,-0.1056,0.1321,False
MLH1,train-pg_dms,aa_mlp,174,31,True,3,0.8722,0.7655,0.1066,0.0142,0.2093,True
MLH1,train-pg_dms,bilstm,174,31,True,3,0.9404,0.7655,0.1748,0.0843,0.2745,True
MLH1,train-pg_dms,bilstm_attn,174,31,True,3,0.9006,0.7655,0.135,0.0437,0.2366,True
MLH1,train-pg_dms,cnn,174,31,True,3,0.8928,0.7655,0.1272,0.0322,0.2306,True
MLH1,train-pg_dms,gbm,174,31,True,3,0.9236,0.7655,0.1581,0.0673,0.2598,True
MLH1,train-pg_dms,mlp,174,31,True,3,0.9225,0.7655,0.1569,0.0603,0.2617,True
MLH1,train-pg_dms,transformer,174,31,True,3,0.8936,0.7655,0.1281,0.035,0.229,True
MSH2,train-clinvar,aa_mlp,176,56,True,3,0.8987,0.8122,0.0865,0.0258,0.1515,True
MSH2,train-clinvar,bilstm,176,56,True,3,0.9377,0.8122,0.1255,0.0623,0.1939,True
MSH2,train-clinvar,bilstm_attn,176,56,True,3,0.9549,0.8122,0.1427,0.0816,0.2096,True
MSH2,train-clinvar,cnn,176,56,True,3,0.9125,0.8122,0.1002,0.0378,0.167,True
MSH2,train-clinvar,gbm,176,56,True,3,0.8971,0.8122,0.0849,0.0065,0.165,True
MSH2,train-clinvar,mlp,176,56,True,3,0.9445,0.8122,0.1323,0.0679,0.2024,True
MSH2,train-clinvar,transformer,176,56,True,3,0.8905,0.8122,0.0783,-0.0008,0.1576,False
MSH2,train-clinvar+pg_dms,aa_mlp,176,56,True,3,0.8987,0.8122,0.0865,0.0258,0.1515,True
MSH2,train-clinvar+pg_dms,bilstm,176,56,True,3,0.9377,0.8122,0.1255,0.0623,0.1939,True
MSH2,train-clinvar+pg_dms,bilstm_attn,176,56,True,3,0.9549,0.8122,0.1427,0.0816,0.2096,True
MSH2,train-clinvar+pg_dms,cnn,176,56,True,3,0.9125,0.8122,0.1002,0.0378,0.167,True
MSH2,train-clinvar+pg_dms,gbm,176,56,True,3,0.8971,0.8122,0.0849,0.0065,0.165,True
MSH2,train-clinvar+pg_dms,mlp,176,56,True,3,0.9445,0.8122,0.1323,0.0679,0.2024,True
MSH2,train-clinvar+pg_dms,transformer,176,56,True,3,0.8905,0.8122,0.0783,-0.0008,0.1576,False
MSH2,train-clinvar__drop-domains-genomic-gnomad-prior_scores,aa_mlp,176,56,True,3,0.8246,0.8122,0.0124,-0.0466,0.0759,False
MSH2,train-clinvar__drop-domains-genomic-gnomad-prior_scores,bilstm,176,56,True,3,0.7438,0.8122,-0.0685,-0.141,0.0071,False
MSH2,train-clinvar__drop-domains-genomic-gnomad-prior_scores,bilstm_attn,176,56,True,3,0.7412,0.8122,-0.071,-0.1415,0.0026,False
MSH2,train-clinvar__drop-domains-genomic-gnomad-prior_scores,cnn,176,56,True,3,0.6502,0.8122,-0.162,-0.2406,-0.0819,True
MSH2,train-clinvar__drop-domains-genomic-gnomad-prior_scores,gbm,176,56,True,3,0.7129,0.8122,-0.0993,-0.1554,-0.0485,True
MSH2,train-clinvar__drop-domains-genomic-gnomad-prior_scores,transformer,176,56,True,3,0.7824,0.8122,-0.0298,-0.1205,0.0625,False
MSH2,train-clinvar__drop-domains-genomic-gnomad-prior_scores-structure,aa_mlp,176,56,True,3,0.5969,0.8122,-0.2153,-0.3114,-0.1121,True
MSH2,train-clinvar__drop-domains-genomic-gnomad-prior_scores-structure,bilstm,176,56,True,3,0.5842,0.8122,-0.228,-0.3377,-0.1155,True
MSH2,train-clinvar__drop-domains-genomic-gnomad-prior_scores-structure,bilstm_attn,176,56,True,3,0.6461,0.8122,-0.1661,-0.2729,-0.0567,True
MSH2,train-clinvar__drop-domains-genomic-gnomad-prior_scores-structure,cnn,176,56,True,3,0.4724,0.8122,-0.3398,-0.4262,-0.2531,True
MSH2,train-clinvar__drop-domains-genomic-gnomad-prior_scores-structure,transformer,176,56,True,3,0.7303,0.8122,-0.0819,-0.1819,0.0177,False
MSH2,train-clinvar__drop-domains-genomic-gnomad-structure,aa_mlp,176,56,True,3,0.7779,0.8122,-0.0343,-0.1125,0.0482,False
MSH2,train-clinvar__drop-domains-genomic-gnomad-structure,bilstm,176,56,True,3,0.8595,0.8122,0.0473,-0.0286,0.1232,False
MSH2,train-clinvar__drop-domains-genomic-gnomad-structure,bilstm_attn,176,56,True,3,0.8862,0.8122,0.074,0.007,0.1428,True
MSH2,train-clinvar__drop-domains-genomic-gnomad-structure,cnn,176,56,True,3,0.6521,0.8122,-0.1601,-0.2395,-0.0761,True
MSH2,train-clinvar__drop-domains-genomic-gnomad-structure,gbm,176,56,True,3,0.8398,0.8122,0.0276,-0.055,0.109,False
MSH2,train-clinvar__drop-domains-genomic-gnomad-structure,mlp,176,56,True,3,0.8766,0.8122,0.0644,-0.0161,0.1426,False
MSH2,train-clinvar__drop-domains-genomic-gnomad-structure,transformer,176,56,True,3,0.7531,0.8122,-0.0591,-0.1558,0.0391,False
MSH2,train-clinvar__drop-domains-genomic-prior_scores-structure,aa_mlp,176,56,True,3,0.8674,0.8122,0.0552,-0.0253,0.1385,False
MSH2,train-clinvar__drop-domains-genomic-prior_scores-structure,bilstm,176,56,True,3,0.8905,0.8122,0.0782,-0.0087,0.1661,False
MSH2,train-clinvar__drop-domains-genomic-prior_scores-structure,bilstm_attn,176,56,True,3,0.8994,0.8122,0.0872,0.0021,0.1731,True
MSH2,train-clinvar__drop-domains-genomic-prior_scores-structure,cnn,176,56,True,3,0.822,0.8122,0.0098,-0.0767,0.0969,False
MSH2,train-clinvar__drop-domains-genomic-prior_scores-structure,gbm,176,56,True,3,0.6806,0.8122,-0.1316,-0.2553,-0.0108,True
MSH2,train-clinvar__drop-domains-genomic-prior_scores-structure,mlp,176,56,True,3,0.9129,0.8122,0.1007,0.0199,0.1819,True
MSH2,train-clinvar__drop-domains-genomic-prior_scores-structure,transformer,176,56,True,3,0.8405,0.8122,0.0283,-0.0605,0.1173,False
MSH2,train-clinvar__drop-domains-genomic-structure,aa_mlp,176,56,True,3,0.9032,0.8122,0.091,0.0181,0.1671,True
MSH2,train-clinvar__drop-domains-genomic-structure,bilstm,176,56,True,3,0.9582,0.8122,0.146,0.0846,0.2134,True
MSH2,train-clinvar__drop-domains-genomic-structure,bilstm_attn,176,56,True,3,0.9548,0.8122,0.1426,0.0817,0.2099,True
MSH2,train-clinvar__drop-domains-genomic-structure,cnn,176,56,True,3,0.881,0.8122,0.0688,-0.005,0.1467,False
MSH2,train-clinvar__drop-domains-genomic-structure,gbm,176,56,True,3,0.9123,0.8122,0.1001,0.0278,0.1746,True
MSH2,train-clinvar__drop-domains-genomic-structure,gbm-es50,176,56,True,3,0.9385,0.8122,0.1263,0.0618,0.1952,True
MSH2,train-clinvar__drop-domains-genomic-structure,mlp,176,56,True,3,0.9499,0.8122,0.1377,0.075,0.2055,True
MSH2,train-clinvar__drop-domains-genomic-structure,transformer,176,56,True,3,0.8891,0.8122,0.0769,0.0004,0.1573,True
MSH2,train-clinvar__drop-domains-gnomad-prior_scores-structure,aa_mlp,176,56,True,3,0.5628,0.8122,-0.2494,-0.3496,-0.1453,True
MSH2,train-clinvar__drop-domains-gnomad-prior_scores-structure,bilstm,176,56,True,3,0.5279,0.8122,-0.2843,-0.3858,-0.1807,True
MSH2,train-clinvar__drop-domains-gnomad-prior_scores-structure,bilstm_attn,176,56,True,3,0.6433,0.8122,-0.1689,-0.2697,-0.0675,True
MSH2,train-clinvar__drop-domains-gnomad-prior_scores-structure,cnn,176,56,True,3,0.5214,0.8122,-0.2908,-0.3801,-0.1968,True
MSH2,train-clinvar__drop-domains-gnomad-prior_scores-structure,gbm,176,56,True,3,0.3987,0.8122,-0.4135,-0.5223,-0.2993,True
MSH2,train-clinvar__drop-domains-gnomad-prior_scores-structure,mlp,176,56,True,3,0.4195,0.8122,-0.3927,-0.5021,-0.2794,True
MSH2,train-clinvar__drop-domains-gnomad-prior_scores-structure,transformer,176,56,True,3,0.7328,0.8122,-0.0794,-0.1782,0.019,False
MSH2,train-clinvar_expert,aa_mlp,176,56,True,3,0.8964,0.8122,0.0842,0.0242,0.1475,True
MSH2,train-clinvar_expert,bilstm,176,56,True,3,0.9418,0.8122,0.1296,0.0693,0.1949,True
MSH2,train-clinvar_expert,bilstm_attn,176,56,True,3,0.9429,0.8122,0.1307,0.0719,0.1953,True
MSH2,train-clinvar_expert,cnn,176,56,True,3,0.9117,0.8122,0.0995,0.0417,0.1625,True
MSH2,train-clinvar_expert,gbm,176,56,True,3,0.8875,0.8122,0.0753,-0.0057,0.1556,False
MSH2,train-clinvar_expert,mlp,176,56,True,3,0.95,0.8122,0.1377,0.0774,0.2048,True
MSH2,train-clinvar_expert,transformer,176,56,True,3,0.8424,0.8122,0.0302,-0.0535,0.1158,False
MSH6,train-clinvar,aa_mlp,78,31,True,3,0.916,0.8518,0.0643,-0.0064,0.1386,False
MSH6,train-clinvar,bilstm,78,31,True,3,0.9533,0.8518,0.1016,0.0158,0.1933,True
MSH6,train-clinvar,bilstm_attn,78,31,True,3,0.9536,0.8518,0.1018,0.0209,0.1905,True
MSH6,train-clinvar,cnn,78,31,True,3,0.9247,0.8518,0.073,-0.0045,0.1583,False
MSH6,train-clinvar,gbm,78,31,True,3,0.9886,0.8518,0.1368,0.0659,0.2187,True
MSH6,train-clinvar,mlp,78,31,True,3,0.9572,0.8518,0.1055,0.027,0.1896,True
MSH6,train-clinvar,transformer,78,31,True,3,0.9211,0.8518,0.0693,-0.0174,0.1594,False
MSH6,train-clinvar+pg_dms,aa_mlp,78,31,True,3,0.9536,0.8518,0.1018,0.0176,0.1914,True
MSH6,train-clinvar+pg_dms,bilstm,78,31,True,3,0.962,0.8518,0.1103,0.0433,0.1871,True
MSH6,train-clinvar+pg_dms,bilstm_attn,78,31,True,3,0.9684,0.8518,0.1167,0.0451,0.1962,True
MSH6,train-clinvar+pg_dms,cnn,78,31,True,3,0.9105,0.8518,0.0588,-0.0312,0.1567,False
MSH6,train-clinvar+pg_dms,gbm,78,31,True,3,0.9533,0.8518,0.1016,0.0308,0.1813,True
MSH6,train-clinvar+pg_dms,mlp,78,31,True,3,0.9625,0.8518,0.1107,0.0456,0.1862,True
MSH6,train-clinvar+pg_dms,transformer,78,31,True,3,0.9556,0.8518,0.1039,0.0295,0.1889,True
MSH6,train-clinvar__drop-domains-genomic-gnomad-prior_scores,aa_mlp,78,31,True,3,0.725,0.8518,-0.1267,-0.1843,-0.0736,True
MSH6,train-clinvar__drop-domains-genomic-gnomad-prior_scores,bilstm,78,31,True,3,0.8058,0.8518,-0.046,-0.0801,-0.0153,True
MSH6,train-clinvar__drop-domains-genomic-gnomad-prior_scores,bilstm_attn,78,31,True,3,0.8328,0.8518,-0.019,-0.0591,0.0233,False
MSH6,train-clinvar__drop-domains-genomic-gnomad-prior_scores,cnn,78,31,True,3,0.7499,0.8518,-0.1018,-0.1727,-0.0272,True
MSH6,train-clinvar__drop-domains-genomic-gnomad-prior_scores,gbm,78,31,True,3,0.8465,0.8518,-0.0053,-0.0531,0.0421,False
MSH6,train-clinvar__drop-domains-genomic-gnomad-prior_scores,transformer,78,31,True,3,0.7927,0.8518,-0.059,-0.1595,0.037,False
MSH6,train-clinvar__drop-domains-genomic-gnomad-prior_scores-structure,aa_mlp,78,31,True,3,0.5129,0.8518,-0.3388,-0.4626,-0.2169,True
MSH6,train-clinvar__drop-domains-genomic-gnomad-prior_scores-structure,bilstm,78,31,True,3,0.6541,0.8518,-0.1977,-0.3131,-0.0795,True
MSH6,train-clinvar__drop-domains-genomic-gnomad-prior_scores-structure,bilstm_attn,78,31,True,3,0.682,0.8518,-0.1698,-0.2876,-0.0507,True
MSH6,train-clinvar__drop-domains-genomic-gnomad-prior_scores-structure,cnn,78,31,True,3,0.5193,0.8518,-0.3324,-0.4549,-0.2036,True
MSH6,train-clinvar__drop-domains-genomic-gnomad-prior_scores-structure,transformer,78,31,True,3,0.7261,0.8518,-0.1256,-0.241,-0.0137,True
MSH6,train-clinvar__drop-domains-genomic-gnomad-structure,aa_mlp,78,31,True,3,0.817,0.8518,-0.0348,-0.1229,0.056,False
MSH6,train-clinvar__drop-domains-genomic-gnomad-structure,bilstm,78,31,True,3,0.9314,0.8518,0.0796,-0.0067,0.1702,False
MSH6,train-clinvar__drop-domains-genomic-gnomad-structure,bilstm_attn,78,31,True,3,0.9387,0.8518,0.0869,0.0012,0.1776,True
MSH6,train-clinvar__drop-domains-genomic-gnomad-structure,cnn,78,31,True,3,0.7092,0.8518,-0.1425,-0.2583,-0.0267,True
MSH6,train-clinvar__drop-domains-genomic-gnomad-structure,gbm,78,31,True,3,0.9315,0.8518,0.0797,0.0023,0.1632,True
MSH6,train-clinvar__drop-domains-genomic-gnomad-structure,mlp,78,31,True,3,0.9691,0.8518,0.1174,0.0428,0.2013,True
MSH6,train-clinvar__drop-domains-genomic-gnomad-structure,transformer,78,31,True,3,0.7984,0.8518,-0.0533,-0.1652,0.0562,False
MSH6,train-clinvar__drop-domains-genomic-prior_scores-structure,aa_mlp,78,31,True,3,0.8476,0.8518,-0.0041,-0.0883,0.0823,False
MSH6,train-clinvar__drop-domains-genomic-prior_scores-structure,bilstm,78,31,True,3,0.8984,0.8518,0.0467,-0.0609,0.1528,False
MSH6,train-clinvar__drop-domains-genomic-prior_scores-structure,bilstm_attn,78,31,True,3,0.9135,0.8518,0.0618,-0.0397,0.1636,False
MSH6,train-clinvar__drop-domains-genomic-prior_scores-structure,cnn,78,31,True,3,0.8415,0.8518,-0.0103,-0.1169,0.0979,False
MSH6,train-clinvar__drop-domains-genomic-prior_scores-structure,gbm,78,31,True,3,0.9325,0.8518,0.0808,-0.0046,0.1712,False
MSH6,train-clinvar__drop-domains-genomic-prior_scores-structure,mlp,78,31,True,3,0.9275,0.8518,0.0757,-0.0157,0.1719,False
MSH6,train-clinvar__drop-domains-genomic-prior_scores-structure,transformer,78,31,True,3,0.8877,0.8518,0.0359,-0.0702,0.1407,False
MSH6,train-clinvar__drop-domains-genomic-structure,aa_mlp,78,31,True,3,0.8906,0.8518,0.0389,-0.0426,0.1241,False
MSH6,train-clinvar__drop-domains-genomic-structure,bilstm,78,31,True,3,0.9547,0.8518,0.103,0.0147,0.1958,True
MSH6,train-clinvar__drop-domains-genomic-structure,bilstm_attn,78,31,True,3,0.9606,0.8518,0.1089,0.0181,0.204,True
MSH6,train-clinvar__drop-domains-genomic-structure,cnn,78,31,True,3,0.8861,0.8518,0.0343,-0.0595,0.132,False
MSH6,train-clinvar__drop-domains-genomic-structure,gbm,78,31,True,3,0.9793,0.8518,0.1275,0.0535,0.2119,True
MSH6,train-clinvar__drop-domains-genomic-structure,gbm-es50,78,31,True,3,0.9795,0.8518,0.1278,0.0532,0.2128,True
MSH6,train-clinvar__drop-domains-genomic-structure,mlp,78,31,True,3,0.9634,0.8518,0.1116,0.0262,0.2006,True
MSH6,train-clinvar__drop-domains-genomic-structure,transformer,78,31,True,3,0.9231,0.8518,0.0714,-0.0284,0.1721,False
MSH6,train-clinvar__drop-domains-gnomad-prior_scores-structure,aa_mlp,78,31,True,3,0.4969,0.8518,-0.3548,-0.4905,-0.2206,True
MSH6,train-clinvar__drop-domains-gnomad-prior_scores-structure,bilstm,78,31,True,3,0.5328,0.8518,-0.3189,-0.4599,-0.173,True
MSH6,train-clinvar__drop-domains-gnomad-prior_scores-structure,bilstm_attn,78,31,True,3,0.6175,0.8518,-0.2343,-0.3709,-0.0933,True
MSH6,train-clinvar__drop-domains-gnomad-prior_scores-structure,cnn,78,31,True,3,0.6452,0.8518,-0.2066,-0.3122,-0.0983,True
MSH6,train-clinvar__drop-domains-gnomad-prior_scores-structure,gbm,78,31,True,3,0.3838,0.8518,-0.468,-0.6104,-0.3218,True
MSH6,train-clinvar__drop-domains-gnomad-prior_scores-structure,mlp,78,31,True,3,0.4907,0.8518,-0.361,-0.5243,-0.1889,True
MSH6,train-clinvar__drop-domains-gnomad-prior_scores-structure,transformer,78,31,True,3,0.6555,0.8518,-0.1963,-0.3392,-0.0556,True
MSH6,train-clinvar_expert,aa_mlp,78,31,True,3,0.9094,0.8518,0.0577,-0.0179,0.1361,False
MSH6,train-clinvar_expert,bilstm,78,31,True,3,0.9268,0.8518,0.075,-0.0085,0.1636,False
MSH6,train-clinvar_expert,bilstm_attn,78,31,True,3,0.9444,0.8518,0.0927,0.0164,0.1769,True
MSH6,train-clinvar_expert,cnn,78,31,True,3,0.8499,0.8518,-0.0018,-0.0956,0.0958,False
MSH6,train-clinvar_expert,gbm,78,31,True,3,0.9769,0.8518,0.1251,0.0462,0.2139,True
MSH6,train-clinvar_expert,mlp,78,31,True,3,0.9476,0.8518,0.0959,0.0223,0.1762,True
MSH6,train-clinvar_expert,transformer,78,31,True,3,0.8632,0.8518,0.0114,-0.0848,0.1087,False
MSH6,train-pg_dms,aa_mlp,78,31,True,3,0.9417,0.8518,0.0899,0.0135,0.1733,True
MSH6,train-pg_dms,bilstm,78,31,True,3,0.924,0.8518,0.0723,0.0005,0.151,True
MSH6,train-pg_dms,bilstm_attn,78,31,True,3,0.9332,0.8518,0.0814,0.0108,0.1588,True
MSH6,train-pg_dms,cnn,78,31,True,3,0.8936,0.8518,0.0419,-0.0444,0.1281,False
MSH6,train-pg_dms,gbm,78,31,True,3,0.9554,0.8518,0.1036,0.031,0.1827,True
MSH6,train-pg_dms,mlp,78,31,True,3,0.9231,0.8518,0.0714,0.0062,0.144,True
MSH6,train-pg_dms,transformer,78,31,True,3,0.9003,0.8518,0.0485,-0.0302,0.1286,False
PMS2,train-clinvar,aa_mlp,21,4,False,3,0.7255,0.5833,0.1422,-0.15,0.4,False
PMS2,train-clinvar,bilstm,21,4,False,3,0.9706,0.5833,0.3873,0.034,0.85,True
PMS2,train-clinvar,bilstm_attn,21,4,False,3,0.9706,0.5833,0.3873,0.0175,0.9,True
PMS2,train-clinvar,cnn,21,4,False,3,0.7402,0.5833,0.1569,-0.1111,0.4833,False
PMS2,train-clinvar,gbm,21,4,False,3,0.9902,0.5833,0.4069,0.034,0.9635,True
PMS2,train-clinvar,mlp,21,4,False,3,0.9461,0.5833,0.3627,-0.05,0.8947,False
PMS2,train-clinvar,transformer,21,4,False,3,0.7157,0.5833,0.1324,-0.1176,0.5147,False
PMS2,train-clinvar+pg_dms,aa_mlp,21,4,False,3,0.8529,0.5833,0.2696,-0.1852,0.9649,False
PMS2,train-clinvar+pg_dms,bilstm,21,4,False,3,0.9069,0.5833,0.3235,0.0333,0.8246,True
PMS2,train-clinvar+pg_dms,bilstm_attn,21,4,False,3,0.8873,0.5833,0.3039,-0.0556,0.9,False
PMS2,train-clinvar+pg_dms,cnn,21,4,False,3,0.9412,0.5833,0.3578,-0.037,0.9,False
PMS2,train-clinvar+pg_dms,gbm,21,4,False,3,0.951,0.5833,0.3676,0.034,0.7895,True
PMS2,train-clinvar+pg_dms,mlp,21,4,False,3,1.0,0.5833,0.4167,0.034,1.0,True
PMS2,train-clinvar+pg_dms,transformer,21,4,False,3,0.8088,0.5833,0.2255,-0.3333,0.8446,False
PMS2,train-clinvar__drop-domains-genomic-gnomad-prior_scores,aa_mlp,21,4,False,3,0.451,0.5833,-0.1324,-0.432,0.0706,False
PMS2,train-clinvar__drop-domains-genomic-gnomad-prior_scores,bilstm,21,4,False,3,0.6373,0.5833,0.0539,-0.0833,0.2456,False
PMS2,train-clinvar__drop-domains-genomic-gnomad-prior_scores,bilstm_attn,21,4,False,3,0.6667,0.5833,0.0833,-0.0351,0.2333,False
PMS2,train-clinvar__drop-domains-genomic-gnomad-prior_scores,cnn,21,4,False,3,0.5049,0.5833,-0.0784,-0.2667,0.1,False
PMS2,train-clinvar__drop-domains-genomic-gnomad-prior_scores,gbm,21,4,False,3,0.7255,0.5833,0.1422,0.0167,0.3667,True
PMS2,train-clinvar__drop-domains-genomic-gnomad-prior_scores,transformer,21,4,False,3,0.5539,0.5833,-0.0294,-0.35,0.2941,False
PMS2,train-clinvar__drop-domains-genomic-gnomad-prior_scores-structure,aa_mlp,21,4,False,3,0.5539,0.5833,-0.0294,-0.7833,0.3519,False
PMS2,train-clinvar__drop-domains-genomic-gnomad-prior_scores-structure,bilstm,21,4,False,3,0.348,0.5833,-0.2353,-0.6167,0.15,False
PMS2,train-clinvar__drop-domains-genomic-gnomad-prior_scores-structure,bilstm_attn,21,4,False,3,0.4412,0.5833,-0.1422,-0.5833,0.2209,False
PMS2,train-clinvar__drop-domains-genomic-gnomad-prior_scores-structure,cnn,21,4,False,3,0.7794,0.5833,0.1961,-0.0526,0.6316,False
PMS2,train-clinvar__drop-domains-genomic-gnomad-prior_scores-structure,transformer,21,4,False,3,0.4706,0.5833,-0.1127,-0.5123,0.3,False
PMS2,train-clinvar__drop-domains-genomic-gnomad-structure,aa_mlp,21,4,False,3,0.6863,0.5833,0.1029,-0.4833,0.6167,False
PMS2,train-clinvar__drop-domains-genomic-gnomad-structure,bilstm,21,4,False,3,0.6912,0.5833,0.1078,-0.2667,0.6015,False
PMS2,train-clinvar__drop-domains-genomic-gnomad-structure,bilstm_attn,21,4,False,3,0.8529,0.5833,0.2696,-0.1167,0.7559,False
PMS2,train-clinvar__drop-domains-genomic-gnomad-structure,cnn,21,4,False,3,0.8088,0.5833,0.2255,-0.15,0.8167,False
PMS2,train-clinvar__drop-domains-genomic-gnomad-structure,gbm,21,4,False,3,0.8922,0.5833,0.3088,-0.0167,0.7833,False
PMS2,train-clinvar__drop-domains-genomic-gnomad-structure,mlp,21,4,False,3,0.9559,0.5833,0.3725,0.0,1.0,False
PMS2,train-clinvar__drop-domains-genomic-gnomad-structure,transformer,21,4,False,3,0.5588,0.5833,-0.0245,-0.4074,0.4386,False
PMS2,train-clinvar__drop-domains-genomic-prior_scores-structure,aa_mlp,21,4,False,3,0.8971,0.5833,0.3137,-0.0588,0.807,False
PMS2,train-clinvar__drop-domains-genomic-prior_scores-structure,bilstm,21,4,False,3,0.8775,0.5833,0.2941,-0.1404,0.8627,False
PMS2,train-clinvar__drop-domains-genomic-prior_scores-structure,bilstm_attn,21,4,False,3,0.9314,0.5833,0.348,-0.0737,0.8947,False
PMS2,train-clinvar__drop-domains-genomic-prior_scores-structure,cnn,21,4,False,3,0.8137,0.5833,0.2304,-0.0583,0.6833,False
PMS2,train-clinvar__drop-domains-genomic-prior_scores-structure,gbm,21,4,False,3,0.9363,0.5833,0.3529,-0.0132,0.8735,False
PMS2,train-clinvar__drop-domains-genomic-prior_scores-structure,mlp,21,4,False,3,0.8824,0.5833,0.299,-0.1296,0.8235,False
PMS2,train-clinvar__drop-domains-genomic-prior_scores-structure,transformer,21,4,False,3,0.8284,0.5833,0.2451,-0.0833,0.8,False
PMS2,train-clinvar__drop-domains-genomic-structure,aa_mlp,21,4,False,3,0.8529,0.5833,0.2696,-0.1228,0.7667,False
PMS2,train-clinvar__drop-domains-genomic-structure,bilstm,21,4,False,3,0.9608,0.5833,0.3775,-0.0333,1.0,False
PMS2,train-clinvar__drop-domains-genomic-structure,bilstm_attn,21,4,False,3,0.9608,0.5833,0.3775,-0.0351,1.0,False
PMS2,train-clinvar__drop-domains-genomic-structure,cnn,21,4,False,3,0.9412,0.5833,0.3578,0.0167,0.9333,True
PMS2,train-clinvar__drop-domains-genomic-structure,gbm,21,4,False,3,1.0,0.5833,0.4167,0.034,1.0,True
PMS2,train-clinvar__drop-domains-genomic-structure,gbm-es50,21,4,False,3,1.0,0.5833,0.4167,0.034,1.0,True
PMS2,train-clinvar__drop-domains-genomic-structure,mlp,21,4,False,3,0.9412,0.5833,0.3578,-0.0833,1.0,False
PMS2,train-clinvar__drop-domains-genomic-structure,transformer,21,4,False,3,0.9069,0.5833,0.3235,0.0185,0.85,True
PMS2,train-clinvar__drop-domains-gnomad-prior_scores-structure,aa_mlp,21,4,False,3,0.3627,0.5833,-0.2206,-0.8833,0.1543,False
PMS2,train-clinvar__drop-domains-gnomad-prior_scores-structure,bilstm,21,4,False,3,0.4363,0.5833,-0.1471,-0.5439,0.3833,False
PMS2,train-clinvar__drop-domains-gnomad-prior_scores-structure,bilstm_attn,21,4,False,3,0.5588,0.5833,-0.0245,-0.4444,0.4,False
PMS2,train-clinvar__drop-domains-gnomad-prior_scores-structure,cnn,21,4,False,3,0.6176,0.5833,0.0343,-0.2667,0.55,False
PMS2,train-clinvar__drop-domains-gnomad-prior_scores-structure,gbm,21,4,False,3,0.2647,0.5833,-0.3186,-0.8953,0.3275,False
PMS2,train-clinvar__drop-domains-gnomad-prior_scores-structure,mlp,21,4,False,3,0.6176,0.5833,0.0343,-0.4394,0.579,False
PMS2,train-clinvar__drop-domains-gnomad-prior_scores-structure,transformer,21,4,False,3,0.4559,0.5833,-0.1275,-0.5667,0.3333,False
PMS2,train-clinvar_expert,aa_mlp,21,4,False,3,0.7647,0.5833,0.1814,-0.0167,0.4444,False
PMS2,train-clinvar_expert,bilstm,21,4,False,3,0.8382,0.5833,0.2549,0.0308,0.5928,True
PMS2,train-clinvar_expert,bilstm_attn,21,4,False,3,0.9216,0.5833,0.3382,0.0333,0.7193,True
PMS2,train-clinvar_expert,cnn,21,4,False,3,0.75,0.5833,0.1667,-0.0494,0.492,False
PMS2,train-clinvar_expert,gbm,21,4,False,3,0.9951,0.5833,0.4118,0.034,0.95,True
PMS2,train-clinvar_expert,mlp,21,4,False,3,0.9559,0.5833,0.3725,0.0167,0.8667,True
PMS2,train-clinvar_expert,transformer,21,4,False,3,0.7696,0.5833,0.1863,-0.0931,0.6,False
PMS2,train-pg_dms,aa_mlp,21,4,False,3,0.6863,0.5833,0.1029,-0.2469,0.6333,False
PMS2,train-pg_dms,bilstm,21,4,False,3,0.6765,0.5833,0.0931,-0.2632,0.5716,False
PMS2,train-pg_dms,bilstm_attn,21,4,False,3,0.6078,0.5833,0.0245,-0.3917,0.5614,False
PMS2,train-pg_dms,cnn,21,4,False,3,0.6275,0.5833,0.0441,-0.3704,0.5667,False
PMS2,train-pg_dms,gbm,21,4,False,3,0.9657,0.5833,0.3824,0.0333,0.9,True
PMS2,train-pg_dms,mlp,21,4,False,3,0.8235,0.5833,0.2402,-0.037,0.6667,False
PMS2,train-pg_dms,transformer,21,4,False,3,0.6176,0.5833,0.0343,-0.4333,0.6,False
