cell,gene,variant_key,label,score
train-clinvar__drop-domains-gnomad-prior_scores-structure__transformer__seed44,MLH1,P43246:639:H>Y,1,0.9318115
train-clinvar__drop-domains-gnomad-prior_scores-structure__transformer__seed44,MLH1,P43246:636:A>P,1,0.9882808
train-clinvar__drop-domains-gnomad-prior_scores-structure__transformer__seed44,MLH1,P43246:390:L>F,0,0.3384323
train-clinvar__drop-domains-gnomad-prior_scores-structure__transformer__seed44,MLH1,P52701:694:C>R,1,0.99917126
train-clinvar__drop-domains-gnomad-prior_scores-structure__transformer__seed44,MLH1,P52701:772:R>W,1,0.9935861
train-clinvar__drop-domains-gnomad-prior_scores-structure__transformer__seed44,MLH1,P52701:781:P>S,1,0.6842367
train-clinvar__drop-domains-gnomad-prior_scores-structure__transformer__seed44,MLH1,P52701:1334:R>Q,1,0.91263163
train-clinvar__drop-domains-gnomad-prior_scores-structure__transformer__seed44,MLH1,P52701:20:A>V,0,0.003018865
train-clinvar__drop-domains-gnomad-prior_scores-structure__transformer__seed44,MLH1,P43246:338:G>R,1,0.9998436
train-clinvar__drop-domains-gnomad-prior_scores-structure__transformer__seed44,MLH1,P43246:338:G>E,1,0.97568345
train-clinvar__drop-domains-gnomad-prior_scores-structure__transformer__seed44,MLH1,P43246:349:P>R,1,0.9265728
train-clinvar__drop-domains-gnomad-prior_scores-structure__transformer__seed44,MLH1,P43246:349:P>L,1,0.6392771
train-clinvar__drop-domains-gnomad-prior_scores-structure__transformer__seed44,MLH1,P43246:419:Q>K,0,0.28752062
train-clinvar__drop-domains-gnomad-prior_scores-structure__transformer__seed44,MLH1,P43246:46:H>Q,0,0.0041460586
train-clinvar__drop-domains-gnomad-prior_scores-structure__transformer__seed44,MLH1,P43246:554:S>G,1,0.99714774
train-clinvar__drop-domains-gnomad-prior_scores-structure__transformer__seed44,MLH1,P43246:554:S>C,1,0.9813027
train-clinvar__drop-domains-gnomad-prior_scores-structure__transformer__seed44,MLH1,P43246:554:S>T,1,0.5826932
train-clinvar__drop-domains-gnomad-prior_scores-structure__transformer__seed44,MLH1,P43246:587:G>R,1,0.999895
train-clinvar__drop-domains-gnomad-prior_scores-structure__transformer__seed44,MLH1,P43246:587:G>A,1,0.99226063
train-clinvar__drop-domains-gnomad-prior_scores-structure__transformer__seed44,MLH1,P43246:692:G>R,1,0.99983406
train-clinvar__drop-domains-gnomad-prior_scores-structure__transformer__seed44,MLH1,P43246:692:G>V,1,0.91380525
train-clinvar__drop-domains-gnomad-prior_scores-structure__transformer__seed44,MLH1,P43246:165:Y>D,1,0.8784487
train-clinvar__drop-domains-gnomad-prior_scores-structure__transformer__seed44,MLH1,P43246:169:I>V,0,0.016022349
train-clinvar__drop-domains-gnomad-prior_scores-structure__transformer__seed44,MLH1,P43246:198:E>G,0,0.98547006
train-clinvar__drop-domains-gnomad-prior_scores-structure__transformer__seed44,MLH1,P43246:330:L>P,1,0.9997881
train-clinvar__drop-domains-gnomad-prior_scores-structure__transformer__seed44,MLH1,P52701:541:S>R,1,0.24719594
train-clinvar__drop-domains-gnomad-prior_scores-structure__transformer__seed44,MLH1,P54278:107:R>W,1,0.9910403
train-clinvar__drop-domains-gnomad-prior_scores-structure__transformer__seed44,MLH1,P43246:523:F>S,1,0.6222476
train-clinvar__drop-domains-gnomad-prior_scores-structure__transformer__seed44,MLH1,P43246:595:L>R,1,0.9998161
train-clinvar__drop-domains-gnomad-prior_scores-structure__transformer__seed44,MLH1,P52701:432:F>S,1,0.7771208
train-clinvar__drop-domains-gnomad-prior_scores-structure__transformer__seed44,MLH1,P43246:408:Y>F,0,0.21435727
train-clinvar__drop-domains-gnomad-prior_scores-structure__transformer__seed44,MLH1,P52701:1058:D>H,1,0.97203255
train-clinvar__drop-domains-gnomad-prior_scores-structure__transformer__seed44,MLH1,P52701:1211:L>P,1,0.9998603
train-clinvar__drop-domains-gnomad-prior_scores-structure__transformer__seed44,MLH1,P52701:1334:R>P,1,0.9997067
train-clinvar__drop-domains-gnomad-prior_scores-structure__transformer__seed44,MLH1,P43246:748:D>H,1,0.021793189
train-clinvar__drop-domains-gnomad-prior_scores-structure__transformer__seed44,MLH1,P43246:774:I>V,1,0.0031645407
train-clinvar__drop-domains-gnomad-prior_scores-structure__transformer__seed44,MLH1,P52701:323:T>I,0,0.11348011
train-clinvar__drop-domains-gnomad-prior_scores-structure__transformer__seed44,MLH1,P43246:349:P>T,1,0.08930458
train-clinvar__drop-domains-gnomad-prior_scores-structure__transformer__seed44,MLH1,P43246:692:G>W,1,0.99929166
train-clinvar__drop-domains-gnomad-prior_scores-structure__transformer__seed44,MLH1,P43246:801:H>P,1,0.99743277
train-clinvar__drop-domains-gnomad-prior_scores-structure__transformer__seed44,MLH1,P52701:781:P>L,1,0.9268105
train-clinvar__drop-domains-gnomad-prior_scores-structure__transformer__seed44,MLH1,P43246:855:Q>H,0,0.018789822
train-clinvar__drop-domains-gnomad-prior_scores-structure__transformer__seed44,MLH1,P43246:554:S>N,1,0.9939539
train-clinvar__drop-domains-gnomad-prior_scores-structure__transformer__seed44,MLH1,P43246:587:G>S,1,0.9992513
train-clinvar__drop-domains-gnomad-prior_scores-structure__transformer__seed44,MLH1,P54278:74:G>R,1,0.9995153
train-clinvar__drop-domains-gnomad-prior_scores-structure__transformer__seed44,MLH1,P43246:349:P>S,1,0.15387248
train-clinvar__drop-domains-gnomad-prior_scores-structure__transformer__seed44,MLH1,P54278:118:S>N,1,0.99670535
train-clinvar__drop-domains-gnomad-prior_scores-structure__transformer__seed44,MLH1,P52701:745:I>N,1,0.9962675
train-clinvar__drop-domains-gnomad-prior_scores-structure__transformer__seed44,MLH1,P43246:58:F>L,0,0.500613
train-clinvar__drop-domains-gnomad-prior_scores-structure__transformer__seed44,MLH1,P43246:338:G>V,1,0.97241896
train-clinvar__drop-domains-gnomad-prior_scores-structure__transformer__seed44,MLH1,P43246:894:M>R,0,0.997681
train-clinvar__drop-domains-gnomad-prior_scores-structure__transformer__seed44,MLH1,P52701:480:V>E,1,0.16339225
train-clinvar__drop-domains-gnomad-prior_scores-structure__transformer__seed44,MLH1,P43246:65:K>E,0,0.006050381
train-clinvar__drop-domains-gnomad-prior_scores-structure__transformer__seed44,MLH1,P43246:711:R>P,1,0.9996648
train-clinvar__drop-domains-gnomad-prior_scores-structure__transformer__seed44,MLH1,P43246:595:L>P,1,0.99984515
train-clinvar__drop-domains-gnomad-prior_scores-structure__transformer__seed44,MLH1,P43246:419:Q>E,0,0.07396702
train-clinvar__drop-domains-gnomad-prior_scores-structure__transformer__seed44,MLH1,P52701:1155:Q>R,1,0.99420893
train-clinvar__drop-domains-gnomad-prior_scores-structure__transformer__seed44,MLH1,P52701:432:F>L,1,0.7331277
train-clinvar__drop-domains-gnomad-prior_scores-structure__transformer__seed44,MLH1,P52701:1334:R>L,1,0.9983729
train-clinvar__drop-domains-gnomad-prior_scores-structure__transformer__seed44,MLH1,P54278:74:G>E,1,0.9725026
train-clinvar__drop-domains-gnomad-prior_scores-structure__transformer__seed44,MLH1,P43246:86:E>Q,0,0.028231246
train-clinvar__drop-domains-gnomad-prior_scores-structure__transformer__seed44,MLH1,P54278:118:S>T,1,0.9224587
train-clinvar__drop-domains-gnomad-prior_scores-structure__transformer__seed44,MSH2,P40692:618:K>A,0,0.43592367
train-clinvar__drop-domains-gnomad-prior_scores-structure__transformer__seed44,MSH2,P40692:132:D>H,0,0.024760475
train-clinvar__drop-domains-gnomad-prior_scores-structure__transformer__seed44,MSH2,P40692:35:M>N,1,0.9999199
train-clinvar__drop-domains-gnomad-prior_scores-structure__transformer__seed44,MSH2,P52701:396:L>V,0,0.0029675034
train-clinvar__drop-domains-gnomad-prior_scores-structure__transformer__seed44,MSH2,P40692:213:V>M,0,0.34665114
train-clinvar__drop-domains-gnomad-prior_scores-structure__transformer__seed44,MSH2,P52701:503:S>C,0,0.02393577
train-clinvar__drop-domains-gnomad-prior_scores-structure__transformer__seed44,MSH2,P52701:65:S>L,0,0.0010084963
train-clinvar__drop-domains-gnomad-prior_scores-structure__transformer__seed44,MSH2,P52701:686:G>D,1,0.99973685
train-clinvar__drop-domains-gnomad-prior_scores-structure__transformer__seed44,MSH2,P52701:1163:E>V,0,0.9337134
train-clinvar__drop-domains-gnomad-prior_scores-structure__transformer__seed44,MSH2,P52701:1193:E>K,1,0.8318369
train-clinvar__drop-domains-gnomad-prior_scores-structure__transformer__seed44,MSH2,P52701:1334:R>Q,1,0.0076059843
train-clinvar__drop-domains-gnomad-prior_scores-structure__transformer__seed44,MSH2,P52701:20:A>V,0,0.017322809
train-clinvar__drop-domains-gnomad-prior_scores-structure__transformer__seed44,MSH2,P52701:220:E>D,0,0.33452693
train-clinvar__drop-domains-gnomad-prior_scores-structure__transformer__seed44,MSH2,P40692:35:M>R,1,0.9997539
train-clinvar__drop-domains-gnomad-prior_scores-structure__transformer__seed44,MSH2,P40692:41:D>H,1,0.99877614
train-clinvar__drop-domains-gnomad-prior_scores-structure__transformer__seed44,MSH2,P40692:41:D>G,1,0.9515905
train-clinvar__drop-domains-gnomad-prior_scores-structure__transformer__seed44,MSH2,P40692:48:Q>P,1,0.99805814
train-clinvar__drop-domains-gnomad-prior_scores-structure__transformer__seed44,MSH2,P40692:574:L>P,1,0.88676137
train-clinvar__drop-domains-gnomad-prior_scores-structure__transformer__seed44,MSH2,P40692:618:K>T,0,0.9932957
train-clinvar__drop-domains-gnomad-prior_scores-structure__transformer__seed44,MSH2,P40692:618:K>R,0,0.330254
train-clinvar__drop-domains-gnomad-prior_scores-structure__transformer__seed44,MSH2,P40692:676:L>R,1,0.99920505
train-clinvar__drop-domains-gnomad-prior_scores-structure__transformer__seed44,MSH2,P40692:680:C>R,1,0.9161478
train-clinvar__drop-domains-gnomad-prior_scores-structure__transformer__seed44,MSH2,P40692:687:R>W,1,0.99746084
train-clinvar__drop-domains-gnomad-prior_scores-structure__transformer__seed44,MSH2,P40692:111:A>V,1,0.9991327
train-clinvar__drop-domains-gnomad-prior_scores-structure__transformer__seed44,MSH2,P40692:130:Y>H,1,0.89721406
train-clinvar__drop-domains-gnomad-prior_scores-structure__transformer__seed44,MSH2,P40692:130:Y>C,1,0.058837682
train-clinvar__drop-domains-gnomad-prior_scores-structure__transformer__seed44,MSH2,P40692:182:R>G,1,0.9873653
train-clinvar__drop-domains-gnomad-prior_scores-structure__transformer__seed44,MSH2,P40692:182:R>K,1,0.9638747
train-clinvar__drop-domains-gnomad-prior_scores-structure__transformer__seed44,MSH2,P40692:19:I>F,1,0.6069371
train-clinvar__drop-domains-gnomad-prior_scores-structure__transformer__seed44,MSH2,P40692:306:N>K,1,0.19058046
train-clinvar__drop-domains-gnomad-prior_scores-structure__transformer__seed44,MSH2,P54278:1:M>V,1,0.09725534
train-clinvar__drop-domains-gnomad-prior_scores-structure__transformer__seed44,MSH2,P54278:1:M>T,1,0.0477388
train-clinvar__drop-domains-gnomad-prior_scores-structure__transformer__seed44,MSH2,P54278:107:R>W,1,0.9895474
train-clinvar__drop-domains-gnomad-prior_scores-structure__transformer__seed44,MSH2,P52701:1242:R>H,1,0.9995951
train-clinvar__drop-domains-gnomad-prior_scores-structure__transformer__seed44,MSH2,P52701:164:H>P,0,0.8928661
train-clinvar__drop-domains-gnomad-prior_scores-structure__transformer__seed44,MSH2,P54278:1:M>L,1,0.061895728
train-clinvar__drop-domains-gnomad-prior_scores-structure__transformer__seed44,MSH2,P54278:1:M>K,1,0.03243376
train-clinvar__drop-domains-gnomad-prior_scores-structure__transformer__seed44,MSH2,P52701:1211:L>P,1,0.99476886
train-clinvar__drop-domains-gnomad-prior_scores-structure__transformer__seed44,MSH2,P52701:1:M>I,1,0.66166544
train-clinvar__drop-domains-gnomad-prior_scores-structure__transformer__seed44,MSH2,P52701:1334:R>P,1,0.9993073
train-clinvar__drop-domains-gnomad-prior_scores-structure__transformer__seed44,MSH2,P54278:1:M>R,1,0.30145258
train-clinvar__drop-domains-gnomad-prior_scores-structure__transformer__seed44,MSH2,P52701:153:G>S,1,0.4616406
train-clinvar__drop-domains-gnomad-prior_scores-structure__transformer__seed44,MSH2,P52701:1063:L>R,1,0.9985765
train-clinvar__drop-domains-gnomad-prior_scores-structure__transformer__seed44,MSH2,P52701:1139:G>V,1,0.81904507
train-clinvar__drop-domains-gnomad-prior_scores-structure__transformer__seed44,MSH2,P40692:125:A>E,1,0.9961606
train-clinvar__drop-domains-gnomad-prior_scores-structure__transformer__seed44,MSH2,P54278:1:M>I,1,0.18574734
train-clinvar__drop-domains-gnomad-prior_scores-structure__transformer__seed44,MSH2,P40692:41:D>V,1,0.9978898
train-clinvar__drop-domains-gnomad-prior_scores-structure__transformer__seed44,MSH2,P52701:1128:Y>F,0,0.044439297
train-clinvar__drop-domains-gnomad-prior_scores-structure__transformer__seed44,MSH2,P40692:733:H>Y,0,0.6629898
train-clinvar__drop-domains-gnomad-prior_scores-structure__transformer__seed44,MSH2,P52701:480:V>E,1,0.9642333
train-clinvar__drop-domains-gnomad-prior_scores-structure__transformer__seed44,MSH2,P40692:35:M>K,1,0.99969125
train-clinvar__drop-domains-gnomad-prior_scores-structure__transformer__seed44,MSH2,P52701:1:M>V,1,0.6643519
train-clinvar__drop-domains-gnomad-prior_scores-structure__transformer__seed44,MSH2,P52701:1198:A>P,1,0.99972516
train-clinvar__drop-domains-gnomad-prior_scores-structure__transformer__seed44,MSH2,P40692:41:D>Y,1,0.9980551
train-clinvar__drop-domains-gnomad-prior_scores-structure__transformer__seed44,MSH2,P40692:23:E>D,1,0.87977475
train-clinvar__drop-domains-gnomad-prior_scores-structure__transformer__seed44,MSH2,P52701:1334:R>L,1,0.9235312
train-clinvar__drop-domains-gnomad-prior_scores-structure__transformer__seed44,MSH6,P43246:524:R>P,1,0.55548304
train-clinvar__drop-domains-gnomad-prior_scores-structure__transformer__seed44,MSH6,P40692:618:K>A,0,0.47952056
train-clinvar__drop-domains-gnomad-prior_scores-structure__transformer__seed44,MSH6,P40692:265:R>C,1,0.5072481
train-clinvar__drop-domains-gnomad-prior_scores-structure__transformer__seed44,MSH6,P40692:718:H>Y,0,0.4819879
train-clinvar__drop-domains-gnomad-prior_scores-structure__transformer__seed44,MSH6,P40692:219:I>V,0,0.3604216
train-clinvar__drop-domains-gnomad-prior_scores-structure__transformer__seed44,MSH6,P40692:384:V>D,0,0.3996544
train-clinvar__drop-domains-gnomad-prior_scores-structure__transformer__seed44,MSH6,P40692:347:T>N,0,0.4505795
train-clinvar__drop-domains-gnomad-prior_scores-structure__transformer__seed44,MSH6,P40692:441:A>T,0,0.49154058
train-clinvar__drop-domains-gnomad-prior_scores-structure__transformer__seed44,MSH6,P40692:574:L>P,1,0.76528984
train-clinvar__drop-domains-gnomad-prior_scores-structure__transformer__seed44,MSH6,P40692:582:L>P,1,0.77327174
train-clinvar__drop-domains-gnomad-prior_scores-structure__transformer__seed44,MSH6,P40692:607:L>H,0,0.59941983
train-clinvar__drop-domains-gnomad-prior_scores-structure__transformer__seed44,MSH6,P40692:618:K>T,0,0.4574236
train-clinvar__drop-domains-gnomad-prior_scores-structure__transformer__seed44,MSH6,P40692:618:K>R,0,0.5068667
train-clinvar__drop-domains-gnomad-prior_scores-structure__transformer__seed44,MSH6,P40692:63:D>N,1,0.50169754
train-clinvar__drop-domains-gnomad-prior_scores-structure__transformer__seed44,MSH6,P40692:63:D>E,1,0.54795223
train-clinvar__drop-domains-gnomad-prior_scores-structure__transformer__seed44,MSH6,P40692:640:P>S,1,0.572391
train-clinvar__drop-domains-gnomad-prior_scores-structure__transformer__seed44,MSH6,P40692:640:P>L,1,0.52647895
train-clinvar__drop-domains-gnomad-prior_scores-structure__transformer__seed44,MSH6,P40692:676:L>R,1,0.66910124
train-clinvar__drop-domains-gnomad-prior_scores-structure__transformer__seed44,MSH6,P40692:718:H>P,1,0.508043
train-clinvar__drop-domains-gnomad-prior_scores-structure__transformer__seed44,MSH6,P40692:82:T>A,1,0.43177477
train-clinvar__drop-domains-gnomad-prior_scores-structure__transformer__seed44,MSH6,P40692:82:T>I,1,0.37477756
train-clinvar__drop-domains-gnomad-prior_scores-structure__transformer__seed44,MSH6,P40692:127:R>K,1,0.5659865
train-clinvar__drop-domains-gnomad-prior_scores-structure__transformer__seed44,MSH6,P40692:128:A>P,1,0.71037525
train-clinvar__drop-domains-gnomad-prior_scores-structure__transformer__seed44,MSH6,P40692:193:S>P,1,0.6063287
train-clinvar__drop-domains-gnomad-prior_scores-structure__transformer__seed44,MSH6,P40692:219:I>L,0,0.41451868
train-clinvar__drop-domains-gnomad-prior_scores-structure__transformer__seed44,MSH6,P40692:244:G>D,1,0.56784904
train-clinvar__drop-domains-gnomad-prior_scores-structure__transformer__seed44,MSH6,P40692:244:G>V,1,0.51176053
train-clinvar__drop-domains-gnomad-prior_scores-structure__transformer__seed44,MSH6,P40692:260:L>R,1,0.7080272
train-clinvar__drop-domains-gnomad-prior_scores-structure__transformer__seed44,MSH6,P40692:265:R>S,1,0.5259945
train-clinvar__drop-domains-gnomad-prior_scores-structure__transformer__seed44,MSH6,P40692:304:D>V,1,0.4151081
train-clinvar__drop-domains-gnomad-prior_scores-structure__transformer__seed44,MSH6,P43246:556:L>S,1,0.57125646
train-clinvar__drop-domains-gnomad-prior_scores-structure__transformer__seed44,MSH6,P43246:564:T>A,0,0.37204564
train-clinvar__drop-domains-gnomad-prior_scores-structure__transformer__seed44,MSH6,P43246:629:Q>R,0,0.49429592
train-clinvar__drop-domains-gnomad-prior_scores-structure__transformer__seed44,MSH6,P43246:674:G>R,1,0.6188438
train-clinvar__drop-domains-gnomad-prior_scores-structure__transformer__seed44,MSH6,P43246:674:G>D,1,0.55563617
train-clinvar__drop-domains-gnomad-prior_scores-structure__transformer__seed44,MSH6,P43246:71:G>D,1,0.58108157
train-clinvar__drop-domains-gnomad-prior_scores-structure__transformer__seed44,MSH6,P43246:8:T>M,0,0.46105126
train-clinvar__drop-domains-gnomad-prior_scores-structure__transformer__seed44,MSH6,P43246:165:Y>D,1,0.4442625
train-clinvar__drop-domains-gnomad-prior_scores-structure__transformer__seed44,MSH6,P43246:200:V>D,1,0.42283908
train-clinvar__drop-domains-gnomad-prior_scores-structure__transformer__seed44,MSH6,P43246:310:L>P,1,0.7810188
train-clinvar__drop-domains-gnomad-prior_scores-structure__transformer__seed44,MSH6,P43246:310:L>R,1,0.7104368
train-clinvar__drop-domains-gnomad-prior_scores-structure__transformer__seed44,MSH6,P43246:330:L>P,1,0.73674965
train-clinvar__drop-domains-gnomad-prior_scores-structure__transformer__seed44,MSH6,P54278:205:Q>P,1,0.5686873
train-clinvar__drop-domains-gnomad-prior_scores-structure__transformer__seed44,MSH6,P54278:107:R>W,1,0.5922381
train-clinvar__drop-domains-gnomad-prior_scores-structure__transformer__seed44,MSH6,P43246:523:F>S,1,0.51760167
train-clinvar__drop-domains-gnomad-prior_scores-structure__transformer__seed44,MSH6,P43246:71:G>R,1,0.6605954
train-clinvar__drop-domains-gnomad-prior_scores-structure__transformer__seed44,MSH6,P40692:127:R>I,1,0.52300584
train-clinvar__drop-domains-gnomad-prior_scores-structure__transformer__seed44,MSH6,P43246:621:R>L,1,0.4395642
train-clinvar__drop-domains-gnomad-prior_scores-structure__transformer__seed44,MSH6,P43246:677:T>R,1,0.50171095
train-clinvar__drop-domains-gnomad-prior_scores-structure__transformer__seed44,MSH6,P43246:700:A>E,1,0.5943744
train-clinvar__drop-domains-gnomad-prior_scores-structure__transformer__seed44,MSH6,P40692:311:K>E,1,0.53284746
train-clinvar__drop-domains-gnomad-prior_scores-structure__transformer__seed44,MSH6,P43246:621:R>G,1,0.4988187
train-clinvar__drop-domains-gnomad-prior_scores-structure__transformer__seed44,MSH6,P43246:774:I>V,1,0.31365815
train-clinvar__drop-domains-gnomad-prior_scores-structure__transformer__seed44,MSH6,P43246:556:L>W,1,0.68638784
train-clinvar__drop-domains-gnomad-prior_scores-structure__transformer__seed44,MSH6,P43246:689:A>P,1,0.7098764
train-clinvar__drop-domains-gnomad-prior_scores-structure__transformer__seed44,MSH6,P40692:265:R>P,1,0.63428104
train-clinvar__drop-domains-gnomad-prior_scores-structure__transformer__seed44,MSH6,P43246:367:V>I,0,0.3254083
train-clinvar__drop-domains-gnomad-prior_scores-structure__transformer__seed44,MSH6,P43246:855:Q>H,0,0.41795352
train-clinvar__drop-domains-gnomad-prior_scores-structure__transformer__seed44,MSH6,P40692:304:D>Y,1,0.55513984
train-clinvar__drop-domains-gnomad-prior_scores-structure__transformer__seed44,MSH6,P43246:621:R>P,1,0.5769135
train-clinvar__drop-domains-gnomad-prior_scores-structure__transformer__seed44,MSH6,P40692:640:P>T,1,0.5521175
train-clinvar__drop-domains-gnomad-prior_scores-structure__transformer__seed44,MSH6,P43246:640:A>S,0,0.5308611
train-clinvar__drop-domains-gnomad-prior_scores-structure__transformer__seed44,MSH6,P43246:58:F>L,0,0.47251698
train-clinvar__drop-domains-gnomad-prior_scores-structure__transformer__seed44,MSH6,P43246:65:K>E,0,0.5308141
train-clinvar__drop-domains-gnomad-prior_scores-structure__transformer__seed44,MSH6,P43246:895:P>S,0,0.4830576
train-clinvar__drop-domains-gnomad-prior_scores-structure__transformer__seed44,MSH6,P40692:265:R>G,1,0.54918027
train-clinvar__drop-domains-gnomad-prior_scores-structure__transformer__seed44,MSH6,P43246:270:L>P,1,0.7608792
train-clinvar__drop-domains-gnomad-prior_scores-structure__transformer__seed44,MSH6,P43246:674:G>S,1,0.5561481
train-clinvar__drop-domains-gnomad-prior_scores-structure__transformer__seed44,MSH6,P40692:127:R>T,1,0.55520463
train-clinvar__drop-domains-gnomad-prior_scores-structure__transformer__seed44,MSH6,P40692:51:V>D,1,0.42788297
train-clinvar__drop-domains-gnomad-prior_scores-structure__transformer__seed44,MSH6,P40692:63:D>H,1,0.5107258
train-clinvar__drop-domains-gnomad-prior_scores-structure__transformer__seed44,MSH6,P40692:640:P>R,1,0.5925422
train-clinvar__drop-domains-gnomad-prior_scores-structure__transformer__seed44,MSH6,P40692:63:D>V,1,0.43484867
train-clinvar__drop-domains-gnomad-prior_scores-structure__transformer__seed44,MSH6,P40692:582:L>R,1,0.70253915
train-clinvar__drop-domains-gnomad-prior_scores-structure__transformer__seed44,MSH6,P43246:479:S>N,0,0.4938904
train-clinvar__drop-domains-gnomad-prior_scores-structure__transformer__seed44,MSH6,P40692:23:E>D,1,0.50803816
train-clinvar__drop-domains-gnomad-prior_scores-structure__transformer__seed44,MSH6,P43246:460:M>I,0,0.40544656
train-clinvar__drop-domains-gnomad-prior_scores-structure__transformer__seed44,PMS2,P43246:622:P>L,1,0.45426124
train-clinvar__drop-domains-gnomad-prior_scores-structure__transformer__seed44,PMS2,P40692:117:T>M,1,0.55945617
train-clinvar__drop-domains-gnomad-prior_scores-structure__transformer__seed44,PMS2,P40692:648:P>S,1,0.6169984
train-clinvar__drop-domains-gnomad-prior_scores-structure__transformer__seed44,PMS2,P40692:622:L>H,1,0.44023734
train-clinvar__drop-domains-gnomad-prior_scores-structure__transformer__seed44,PMS2,P43246:127:N>S,0,0.3537093
train-clinvar__drop-domains-gnomad-prior_scores-structure__transformer__seed44,PMS2,P40692:384:V>D,0,0.39204466
train-clinvar__drop-domains-gnomad-prior_scores-structure__transformer__seed44,PMS2,P40692:581:P>L,0,0.49629158
train-clinvar__drop-domains-gnomad-prior_scores-structure__transformer__seed44,PMS2,P40692:326:V>A,0,0.04871858
train-clinvar__drop-domains-gnomad-prior_scores-structure__transformer__seed44,PMS2,P52701:340:F>S,0,0.5881276
train-clinvar__drop-domains-gnomad-prior_scores-structure__transformer__seed44,PMS2,P52701:449:L>P,1,0.9824029
train-clinvar__drop-domains-gnomad-prior_scores-structure__transformer__seed44,PMS2,P52701:65:S>L,0,0.13199739
train-clinvar__drop-domains-gnomad-prior_scores-structure__transformer__seed44,PMS2,P52701:686:G>D,1,0.8278195
train-clinvar__drop-domains-gnomad-prior_scores-structure__transformer__seed44,PMS2,P52701:1076:R>C,1,0.67925674
train-clinvar__drop-domains-gnomad-prior_scores-structure__transformer__seed44,PMS2,P52701:1334:R>Q,1,0.35285735
train-clinvar__drop-domains-gnomad-prior_scores-structure__transformer__seed44,PMS2,P52701:20:A>V,0,0.29363173
train-clinvar__drop-domains-gnomad-prior_scores-structure__transformer__seed44,PMS2,P40692:550:L>P,1,0.9766104
train-clinvar__drop-domains-gnomad-prior_scores-structure__transformer__seed44,PMS2,P40692:574:L>P,1,0.94619423
train-clinvar__drop-domains-gnomad-prior_scores-structure__transformer__seed44,PMS2,P40692:600:E>G,0,0.07264944
train-clinvar__drop-domains-gnomad-prior_scores-structure__transformer__seed44,PMS2,P40692:622:L>P,1,0.9526494
train-clinvar__drop-domains-gnomad-prior_scores-structure__transformer__seed44,PMS2,P40692:640:P>S,1,0.6782671
train-clinvar__drop-domains-gnomad-prior_scores-structure__transformer__seed44,PMS2,P40692:640:P>L,1,0.77981937
train-clinvar__drop-domains-gnomad-prior_scores-structure__transformer__seed44,PMS2,P40692:648:P>L,1,0.7272337
train-clinvar__drop-domains-gnomad-prior_scores-structure__transformer__seed44,PMS2,P40692:659:R>P,1,0.96643573
train-clinvar__drop-domains-gnomad-prior_scores-structure__transformer__seed44,PMS2,P40692:659:R>L,1,0.84197307
train-clinvar__drop-domains-gnomad-prior_scores-structure__transformer__seed44,PMS2,P40692:680:C>R,1,0.9292451
train-clinvar__drop-domains-gnomad-prior_scores-structure__transformer__seed44,PMS2,P40692:749:L>P,1,0.96719235
train-clinvar__drop-domains-gnomad-prior_scores-structure__transformer__seed44,PMS2,P40692:107:I>R,1,0.8406243
train-clinvar__drop-domains-gnomad-prior_scores-structure__transformer__seed44,PMS2,P40692:117:T>R,1,0.9420108
train-clinvar__drop-domains-gnomad-prior_scores-structure__transformer__seed44,PMS2,P40692:127:R>K,1,0.7127568
train-clinvar__drop-domains-gnomad-prior_scores-structure__transformer__seed44,PMS2,P40692:128:A>P,1,0.94856304
train-clinvar__drop-domains-gnomad-prior_scores-structure__transformer__seed44,PMS2,P40692:185:V>G,1,0.7750331
train-clinvar__drop-domains-gnomad-prior_scores-structure__transformer__seed44,PMS2,P40692:193:S>P,1,0.91433424
train-clinvar__drop-domains-gnomad-prior_scores-structure__transformer__seed44,PMS2,P40692:25:I>F,1,0.42952454
train-clinvar__drop-domains-gnomad-prior_scores-structure__transformer__seed44,PMS2,P40692:282:A>G,0,0.8176636
train-clinvar__drop-domains-gnomad-prior_scores-structure__transformer__seed44,PMS2,P40692:306:N>K,1,0.17775804
train-clinvar__drop-domains-gnomad-prior_scores-structure__transformer__seed44,PMS2,P43246:338:G>R,1,0.9256113
train-clinvar__drop-domains-gnomad-prior_scores-structure__transformer__seed44,PMS2,P43246:338:G>E,1,0.779029
train-clinvar__drop-domains-gnomad-prior_scores-structure__transformer__seed44,PMS2,P43246:341:L>P,1,0.9802107
train-clinvar__drop-domains-gnomad-prior_scores-structure__transformer__seed44,PMS2,P43246:556:L>S,1,0.36463746
train-clinvar__drop-domains-gnomad-prior_scores-structure__transformer__seed44,PMS2,P43246:587:G>R,1,0.9391521
train-clinvar__drop-domains-gnomad-prior_scores-structure__transformer__seed44,PMS2,P43246:587:G>A,1,0.39616892
train-clinvar__drop-domains-gnomad-prior_scores-structure__transformer__seed44,PMS2,P43246:603:D>G,1,0.7887603
train-clinvar__drop-domains-gnomad-prior_scores-structure__transformer__seed44,PMS2,P43246:622:P>T,1,0.23942842
train-clinvar__drop-domains-gnomad-prior_scores-structure__transformer__seed44,PMS2,P43246:674:G>R,1,0.94111997
train-clinvar__drop-domains-gnomad-prior_scores-structure__transformer__seed44,PMS2,P43246:674:G>D,1,0.87991244
train-clinvar__drop-domains-gnomad-prior_scores-structure__transformer__seed44,PMS2,P43246:751:G>R,1,0.9585494
train-clinvar__drop-domains-gnomad-prior_scores-structure__transformer__seed44,PMS2,P43246:169:I>V,0,0.33155254
train-clinvar__drop-domains-gnomad-prior_scores-structure__transformer__seed44,PMS2,P43246:173:L>P,1,0.98624057
train-clinvar__drop-domains-gnomad-prior_scores-structure__transformer__seed44,PMS2,P43246:173:L>R,1,0.9768331
train-clinvar__drop-domains-gnomad-prior_scores-structure__transformer__seed44,PMS2,P43246:187:L>P,1,0.99013036
train-clinvar__drop-domains-gnomad-prior_scores-structure__transformer__seed44,PMS2,P43246:187:L>R,1,0.98490244
train-clinvar__drop-domains-gnomad-prior_scores-structure__transformer__seed44,PMS2,P43246:310:L>P,1,0.9879197
train-clinvar__drop-domains-gnomad-prior_scores-structure__transformer__seed44,PMS2,P43246:310:L>R,1,0.98197925
train-clinvar__drop-domains-gnomad-prior_scores-structure__transformer__seed44,PMS2,P43246:333:C>R,1,0.9276319
train-clinvar__drop-domains-gnomad-prior_scores-structure__transformer__seed44,PMS2,P43246:333:C>Y,1,0.8819428
train-clinvar__drop-domains-gnomad-prior_scores-structure__transformer__seed44,PMS2,P52701:1055:A>P,1,0.9760809
train-clinvar__drop-domains-gnomad-prior_scores-structure__transformer__seed44,PMS2,P43246:523:F>S,1,0.56562966
train-clinvar__drop-domains-gnomad-prior_scores-structure__transformer__seed44,PMS2,P40692:127:R>I,1,0.74186105
train-clinvar__drop-domains-gnomad-prior_scores-structure__transformer__seed44,PMS2,P52701:1211:L>P,1,0.9688455
train-clinvar__drop-domains-gnomad-prior_scores-structure__transformer__seed44,PMS2,P40692:559:L>P,1,0.9868636
train-clinvar__drop-domains-gnomad-prior_scores-structure__transformer__seed44,PMS2,P43246:700:A>E,1,0.8274585
train-clinvar__drop-domains-gnomad-prior_scores-structure__transformer__seed44,PMS2,P52701:1334:R>P,1,0.9273827
train-clinvar__drop-domains-gnomad-prior_scores-structure__transformer__seed44,PMS2,P43246:748:D>H,1,0.6698774
train-clinvar__drop-domains-gnomad-prior_scores-structure__transformer__seed44,PMS2,P40692:551:N>S,0,0.24835332
train-clinvar__drop-domains-gnomad-prior_scores-structure__transformer__seed44,PMS2,P43246:622:P>R,1,0.4615382
train-clinvar__drop-domains-gnomad-prior_scores-structure__transformer__seed44,PMS2,P43246:556:L>W,1,0.8917296
train-clinvar__drop-domains-gnomad-prior_scores-structure__transformer__seed44,PMS2,P43246:622:P>Q,1,0.25987676
train-clinvar__drop-domains-gnomad-prior_scores-structure__transformer__seed44,PMS2,P43246:801:H>P,1,0.8063918
train-clinvar__drop-domains-gnomad-prior_scores-structure__transformer__seed44,PMS2,P52701:1076:R>G,1,0.8500756
train-clinvar__drop-domains-gnomad-prior_scores-structure__transformer__seed44,PMS2,P43246:333:C>W,1,0.9075463
train-clinvar__drop-domains-gnomad-prior_scores-structure__transformer__seed44,PMS2,P43246:367:V>I,0,0.06850503
train-clinvar__drop-domains-gnomad-prior_scores-structure__transformer__seed44,PMS2,P52701:496:C>Y,0,0.8479956
train-clinvar__drop-domains-gnomad-prior_scores-structure__transformer__seed44,PMS2,P43246:587:G>S,1,0.8100631
train-clinvar__drop-domains-gnomad-prior_scores-structure__transformer__seed44,PMS2,P43246:603:D>V,1,0.40449265
train-clinvar__drop-domains-gnomad-prior_scores-structure__transformer__seed44,PMS2,P40692:648:P>R,1,0.76824313
train-clinvar__drop-domains-gnomad-prior_scores-structure__transformer__seed44,PMS2,P40692:733:H>Y,0,0.5584514
train-clinvar__drop-domains-gnomad-prior_scores-structure__transformer__seed44,PMS2,P40692:640:P>T,1,0.6399781
train-clinvar__drop-domains-gnomad-prior_scores-structure__transformer__seed44,PMS2,P43246:454:I>R,1,0.8277462
train-clinvar__drop-domains-gnomad-prior_scores-structure__transformer__seed44,PMS2,P40692:276:I>R,1,0.85716945
train-clinvar__drop-domains-gnomad-prior_scores-structure__transformer__seed44,PMS2,P43246:58:F>L,0,0.8156116
train-clinvar__drop-domains-gnomad-prior_scores-structure__transformer__seed44,PMS2,P43246:338:G>V,1,0.68620145
train-clinvar__drop-domains-gnomad-prior_scores-structure__transformer__seed44,PMS2,P52701:418:S>P,1,0.95026565
train-clinvar__drop-domains-gnomad-prior_scores-structure__transformer__seed44,PMS2,P43246:333:C>F,1,0.4189826
train-clinvar__drop-domains-gnomad-prior_scores-structure__transformer__seed44,PMS2,P40692:107:I>K,1,0.54135615
train-clinvar__drop-domains-gnomad-prior_scores-structure__transformer__seed44,PMS2,P43246:270:L>P,1,0.9889093
train-clinvar__drop-domains-gnomad-prior_scores-structure__transformer__seed44,PMS2,P43246:674:G>S,1,0.8242929
train-clinvar__drop-domains-gnomad-prior_scores-structure__transformer__seed44,PMS2,P40692:127:R>T,1,0.66986746
train-clinvar__drop-domains-gnomad-prior_scores-structure__transformer__seed44,PMS2,P43246:798:N>K,0,0.5406102
train-clinvar__drop-domains-gnomad-prior_scores-structure__transformer__seed44,PMS2,P40692:640:P>R,1,0.82982534
train-clinvar__drop-domains-gnomad-prior_scores-structure__transformer__seed44,PMS2,P43246:594:T>A,0,0.033518508
train-clinvar__drop-domains-gnomad-prior_scores-structure__transformer__seed44,PMS2,P40692:117:T>K,1,0.83854574
train-clinvar__drop-domains-gnomad-prior_scores-structure__transformer__seed44,PMS2,P43246:603:D>Y,1,0.7142132
train-clinvar__drop-domains-gnomad-prior_scores-structure__transformer__seed44,PMS2,P40692:622:L>R,1,0.83933073
train-clinvar__drop-domains-gnomad-prior_scores-structure__transformer__seed44,PMS2,P40692:23:E>D,1,0.30450192
train-clinvar__drop-domains-gnomad-prior_scores-structure__transformer__seed44,PMS2,P52701:1334:R>L,1,0.6284937
train-clinvar__drop-domains-gnomad-prior_scores-structure__transformer__seed44,PMS2,P43246:281:S>L,0,0.48096943
