cell,gene,variant_key,label,score,threshold
train-clinvar+pg_dms__bilstm__seed44,MLH1,P40692:44:S>F,1,0.66486603,0.8191757585904369
train-clinvar+pg_dms__bilstm__seed44,MLH1,P40692:329:H>P,1,0.93273205,0.8191757585904369
train-clinvar+pg_dms__bilstm__seed44,MLH1,P40692:67:G>W,1,0.8285842,0.8191757585904369
train-clinvar+pg_dms__bilstm__seed44,MLH1,P40692:618:K>A,0,0.44582132,0.8191757585904369
train-clinvar+pg_dms__bilstm__seed44,MLH1,P40692:578:E>G,0,0.06369416,0.8191757585904369
train-clinvar+pg_dms__bilstm__seed44,MLH1,P40692:117:T>M,1,0.906529,0.8191757585904369
train-clinvar+pg_dms__bilstm__seed44,MLH1,P40692:132:D>H,0,0.24726821,0.8191757585904369
train-clinvar+pg_dms__bilstm__seed44,MLH1,P40692:648:P>S,1,0.45575547,0.8191757585904369
train-clinvar+pg_dms__bilstm__seed44,MLH1,P40692:681:A>T,1,0.5420601,0.8191757585904369
train-clinvar+pg_dms__bilstm__seed44,MLH1,P40692:35:M>N,1,0.9668178,0.8191757585904369
train-clinvar+pg_dms__bilstm__seed44,MLH1,P40692:67:G>E,1,0.85117584,0.8191757585904369
train-clinvar+pg_dms__bilstm__seed44,MLH1,P40692:265:R>C,1,0.49777418,0.8191757585904369
train-clinvar+pg_dms__bilstm__seed44,MLH1,P40692:622:L>H,1,0.91355693,0.8191757585904369
train-clinvar+pg_dms__bilstm__seed44,MLH1,P40692:718:H>Y,0,0.025709,0.8191757585904369
train-clinvar+pg_dms__bilstm__seed44,MLH1,P40692:219:I>V,0,0.046817403,0.8191757585904369
train-clinvar+pg_dms__bilstm__seed44,MLH1,P40692:384:V>D,0,0.029953172,0.8191757585904369
train-clinvar+pg_dms__bilstm__seed44,MLH1,P40692:406:S>N,0,0.019658461,0.8191757585904369
train-clinvar+pg_dms__bilstm__seed44,MLH1,P40692:581:P>L,0,0.09838943,0.8191757585904369
train-clinvar+pg_dms__bilstm__seed44,MLH1,P40692:603:P>R,0,0.13752808,0.8191757585904369
train-clinvar+pg_dms__bilstm__seed44,MLH1,P40692:655:I>V,0,0.19429694,0.8191757585904369
train-clinvar+pg_dms__bilstm__seed44,MLH1,P40692:716:V>M,0,0.033092164,0.8191757585904369
train-clinvar+pg_dms__bilstm__seed44,MLH1,P40692:213:V>M,0,0.028631948,0.8191757585904369
train-clinvar+pg_dms__bilstm__seed44,MLH1,P40692:73:L>R,1,0.7818547,0.8191757585904369
train-clinvar+pg_dms__bilstm__seed44,MLH1,P40692:326:V>A,0,0.47488898,0.8191757585904369
train-clinvar+pg_dms__bilstm__seed44,MLH1,P40692:346:Q>R,1,0.15046862,0.8191757585904369
train-clinvar+pg_dms__bilstm__seed44,MLH1,P40692:346:Q>H,1,0.24083847,0.8191757585904369
train-clinvar+pg_dms__bilstm__seed44,MLH1,P40692:347:T>N,0,0.022857416,0.8191757585904369
train-clinvar+pg_dms__bilstm__seed44,MLH1,P40692:35:M>R,1,0.9722506,0.8191757585904369
train-clinvar+pg_dms__bilstm__seed44,MLH1,P40692:37:E>K,1,0.8426265,0.8191757585904369
train-clinvar+pg_dms__bilstm__seed44,MLH1,P40692:38:N>H,1,0.50403947,0.8191757585904369
train-clinvar+pg_dms__bilstm__seed44,MLH1,P40692:38:N>S,1,0.56594306,0.8191757585904369
train-clinvar+pg_dms__bilstm__seed44,MLH1,P40692:38:N>K,1,0.7601973,0.8191757585904369
train-clinvar+pg_dms__bilstm__seed44,MLH1,P40692:41:D>H,1,0.2179679,0.8191757585904369
train-clinvar+pg_dms__bilstm__seed44,MLH1,P40692:41:D>G,1,0.25243506,0.8191757585904369
train-clinvar+pg_dms__bilstm__seed44,MLH1,P40692:441:A>T,0,0.054920223,0.8191757585904369
train-clinvar+pg_dms__bilstm__seed44,MLH1,P40692:471:K>D,1,0.25011215,0.8191757585904369
train-clinvar+pg_dms__bilstm__seed44,MLH1,P40692:48:Q>P,1,0.59652364,0.8191757585904369
train-clinvar+pg_dms__bilstm__seed44,MLH1,P40692:49:V>E,1,0.9901687,0.8191757585904369
train-clinvar+pg_dms__bilstm__seed44,MLH1,P40692:539:A>D,1,0.9880667,0.8191757585904369
train-clinvar+pg_dms__bilstm__seed44,MLH1,P40692:550:L>P,1,0.96258426,0.8191757585904369
train-clinvar+pg_dms__bilstm__seed44,MLH1,P40692:555:L>P,1,0.9724125,0.8191757585904369
train-clinvar+pg_dms__bilstm__seed44,MLH1,P40692:556:S>I,1,0.7078782,0.8191757585904369
train-clinvar+pg_dms__bilstm__seed44,MLH1,P40692:574:L>P,1,0.96126074,0.8191757585904369
train-clinvar+pg_dms__bilstm__seed44,MLH1,P40692:582:L>P,1,0.97873163,0.8191757585904369
train-clinvar+pg_dms__bilstm__seed44,MLH1,P40692:586:A>D,1,0.96002495,0.8191757585904369
train-clinvar+pg_dms__bilstm__seed44,MLH1,P40692:589:A>D,1,0.93920213,0.8191757585904369
train-clinvar+pg_dms__bilstm__seed44,MLH1,P40692:600:E>G,0,0.043434076,0.8191757585904369
train-clinvar+pg_dms__bilstm__seed44,MLH1,P40692:607:L>H,0,0.5646607,0.8191757585904369
train-clinvar+pg_dms__bilstm__seed44,MLH1,P40692:618:K>T,0,0.03039939,0.8191757585904369
train-clinvar+pg_dms__bilstm__seed44,MLH1,P40692:618:K>R,0,0.10875593,0.8191757585904369
train-clinvar+pg_dms__bilstm__seed44,MLH1,P40692:619:A>P,1,0.8449696,0.8191757585904369
train-clinvar+pg_dms__bilstm__seed44,MLH1,P40692:622:L>P,1,0.98380166,0.8191757585904369
train-clinvar+pg_dms__bilstm__seed44,MLH1,P40692:63:D>N,1,0.44529036,0.8191757585904369
train-clinvar+pg_dms__bilstm__seed44,MLH1,P40692:63:D>E,1,0.6500359,0.8191757585904369
train-clinvar+pg_dms__bilstm__seed44,MLH1,P40692:640:P>S,1,0.7024036,0.8191757585904369
train-clinvar+pg_dms__bilstm__seed44,MLH1,P40692:640:P>L,1,0.61983794,0.8191757585904369
train-clinvar+pg_dms__bilstm__seed44,MLH1,P40692:648:P>L,1,0.15274006,0.8191757585904369
train-clinvar+pg_dms__bilstm__seed44,MLH1,P40692:65:G>D,1,0.9463662,0.8191757585904369
train-clinvar+pg_dms__bilstm__seed44,MLH1,P40692:653:L>R,1,0.947339,0.8191757585904369
train-clinvar+pg_dms__bilstm__seed44,MLH1,P40692:654:P>L,1,0.46727258,0.8191757585904369
train-clinvar+pg_dms__bilstm__seed44,MLH1,P40692:659:R>P,1,0.8550248,0.8191757585904369
train-clinvar+pg_dms__bilstm__seed44,MLH1,P40692:659:R>L,1,0.6193671,0.8191757585904369
train-clinvar+pg_dms__bilstm__seed44,MLH1,P40692:662:T>P,1,0.87011266,0.8191757585904369
train-clinvar+pg_dms__bilstm__seed44,MLH1,P40692:663:E>D,1,0.33640227,0.8191757585904369
train-clinvar+pg_dms__bilstm__seed44,MLH1,P40692:67:G>R,1,0.9245257,0.8191757585904369
train-clinvar+pg_dms__bilstm__seed44,MLH1,P40692:1:M>V,1,0.15686299,0.8191757585904369
train-clinvar+pg_dms__bilstm__seed44,MLH1,P40692:676:L>R,1,0.9822464,0.8191757585904369
train-clinvar+pg_dms__bilstm__seed44,MLH1,P40692:680:C>R,1,0.95861983,0.8191757585904369
train-clinvar+pg_dms__bilstm__seed44,MLH1,P40692:68:I>N,1,0.6639653,0.8191757585904369
train-clinvar+pg_dms__bilstm__seed44,MLH1,P40692:681:A>V,1,0.49383032,0.8191757585904369
train-clinvar+pg_dms__bilstm__seed44,MLH1,P40692:683:F>S,1,0.8224742,0.8191757585904369
train-clinvar+pg_dms__bilstm__seed44,MLH1,P40692:687:R>W,1,0.16999023,0.8191757585904369
train-clinvar+pg_dms__bilstm__seed44,MLH1,P40692:689:Q>R,0,0.117978826,0.8191757585904369
train-clinvar+pg_dms__bilstm__seed44,MLH1,P40692:70:K>V,1,0.006344616,0.8191757585904369
train-clinvar+pg_dms__bilstm__seed44,MLH1,P40692:701:Q>K,0,0.059678387,0.8191757585904369
train-clinvar+pg_dms__bilstm__seed44,MLH1,P40692:701:Q>H,1,0.047518093,0.8191757585904369
train-clinvar+pg_dms__bilstm__seed44,MLH1,P40692:718:H>P,1,0.89018834,0.8191757585904369
train-clinvar+pg_dms__bilstm__seed44,MLH1,P40692:73:L>P,1,0.9047219,0.8191757585904369
train-clinvar+pg_dms__bilstm__seed44,MLH1,P40692:749:L>P,1,0.71322197,0.8191757585904369
train-clinvar+pg_dms__bilstm__seed44,MLH1,P40692:751:K>R,0,0.08765816,0.8191757585904369
train-clinvar+pg_dms__bilstm__seed44,MLH1,P40692:77:C>R,1,0.9331876,0.8191757585904369
train-clinvar+pg_dms__bilstm__seed44,MLH1,P40692:77:C>Y,1,0.66010857,0.8191757585904369
train-clinvar+pg_dms__bilstm__seed44,MLH1,P40692:80:F>V,1,0.26887268,0.8191757585904369
train-clinvar+pg_dms__bilstm__seed44,MLH1,P40692:82:T>A,1,0.55110294,0.8191757585904369
train-clinvar+pg_dms__bilstm__seed44,MLH1,P40692:82:T>I,1,0.6517789,0.8191757585904369
train-clinvar+pg_dms__bilstm__seed44,MLH1,P40692:84:K>E,1,0.5274252,0.8191757585904369
train-clinvar+pg_dms__bilstm__seed44,MLH1,P40692:100:R>P,1,0.39548504,0.8191757585904369
train-clinvar+pg_dms__bilstm__seed44,MLH1,P40692:1:M>K,1,0.3755884,0.8191757585904369
train-clinvar+pg_dms__bilstm__seed44,MLH1,P40692:1:M>T,1,0.310222,0.8191757585904369
train-clinvar+pg_dms__bilstm__seed44,MLH1,P40692:1:M>R,1,0.35231045,0.8191757585904369
train-clinvar+pg_dms__bilstm__seed44,MLH1,P40692:101:G>S,1,0.5220388,0.8191757585904369
train-clinvar+pg_dms__bilstm__seed44,MLH1,P40692:101:G>D,1,0.7681562,0.8191757585904369
train-clinvar+pg_dms__bilstm__seed44,MLH1,P40692:102:E>K,1,0.26780272,0.8191757585904369
train-clinvar+pg_dms__bilstm__seed44,MLH1,P40692:102:E>D,1,0.5294935,0.8191757585904369
train-clinvar+pg_dms__bilstm__seed44,MLH1,P40692:107:I>R,1,0.8738601,0.8191757585904369
train-clinvar+pg_dms__bilstm__seed44,MLH1,P40692:111:A>V,1,0.47760606,0.8191757585904369
train-clinvar+pg_dms__bilstm__seed44,MLH1,P40692:117:T>R,1,0.97771466,0.8191757585904369
train-clinvar+pg_dms__bilstm__seed44,MLH1,P40692:127:R>K,1,0.2404096,0.8191757585904369
train-clinvar+pg_dms__bilstm__seed44,MLH1,P40692:128:A>P,1,0.97392786,0.8191757585904369
train-clinvar+pg_dms__bilstm__seed44,MLH1,P40692:130:Y>H,1,0.70808804,0.8191757585904369
train-clinvar+pg_dms__bilstm__seed44,MLH1,P40692:130:Y>C,1,0.2804024,0.8191757585904369
train-clinvar+pg_dms__bilstm__seed44,MLH1,P40692:1:M>I,1,0.32638747,0.8191757585904369
train-clinvar+pg_dms__bilstm__seed44,MLH1,P40692:155:L>R,1,0.7563326,0.8191757585904369
train-clinvar+pg_dms__bilstm__seed44,MLH1,P40692:182:R>G,1,0.61259246,0.8191757585904369
train-clinvar+pg_dms__bilstm__seed44,MLH1,P40692:182:R>K,1,0.29590335,0.8191757585904369
train-clinvar+pg_dms__bilstm__seed44,MLH1,P40692:185:V>G,1,0.76817435,0.8191757585904369
train-clinvar+pg_dms__bilstm__seed44,MLH1,P40692:19:I>F,1,0.20648332,0.8191757585904369
train-clinvar+pg_dms__bilstm__seed44,MLH1,P40692:193:S>P,1,0.9097393,0.8191757585904369
train-clinvar+pg_dms__bilstm__seed44,MLH1,P40692:21:A>E,1,0.8671143,0.8191757585904369
train-clinvar+pg_dms__bilstm__seed44,MLH1,P40692:21:A>V,1,0.71443033,0.8191757585904369
train-clinvar+pg_dms__bilstm__seed44,MLH1,P40692:219:I>L,0,0.013619497,0.8191757585904369
train-clinvar+pg_dms__bilstm__seed44,MLH1,P40692:22:G>A,0,0.38255408,0.8191757585904369
train-clinvar+pg_dms__bilstm__seed44,MLH1,P40692:226:R>Q,1,0.17208916,0.8191757585904369
train-clinvar+pg_dms__bilstm__seed44,MLH1,P40692:226:R>L,1,0.3510007,0.8191757585904369
train-clinvar+pg_dms__bilstm__seed44,MLH1,P40692:244:G>D,1,0.8721362,0.8191757585904369
train-clinvar+pg_dms__bilstm__seed44,MLH1,P40692:244:G>V,1,0.31737226,0.8191757585904369
train-clinvar+pg_dms__bilstm__seed44,MLH1,P40692:247:S>P,1,0.9654178,0.8191757585904369
train-clinvar+pg_dms__bilstm__seed44,MLH1,P40692:25:I>F,1,0.5494081,0.8191757585904369
train-clinvar+pg_dms__bilstm__seed44,MLH1,P40692:260:L>R,1,0.5433091,0.8191757585904369
train-clinvar+pg_dms__bilstm__seed44,MLH1,P40692:265:R>S,1,0.5167871,0.8191757585904369
train-clinvar+pg_dms__bilstm__seed44,MLH1,P40692:268:E>G,0,0.16804154,0.8191757585904369
train-clinvar+pg_dms__bilstm__seed44,MLH1,P40692:28:P>L,1,0.85679096,0.8191757585904369
train-clinvar+pg_dms__bilstm__seed44,MLH1,P40692:281:A>V,1,0.020183362,0.8191757585904369
train-clinvar+pg_dms__bilstm__seed44,MLH1,P40692:282:A>G,0,0.14185615,0.8191757585904369
train-clinvar+pg_dms__bilstm__seed44,MLH1,P40692:29:A>G,1,0.079920575,0.8191757585904369
train-clinvar+pg_dms__bilstm__seed44,MLH1,P40692:292:L>P,1,0.97678816,0.8191757585904369
train-clinvar+pg_dms__bilstm__seed44,MLH1,P40692:295:S>R,1,0.8403175,0.8191757585904369
train-clinvar+pg_dms__bilstm__seed44,MLH1,P40692:295:S>G,1,0.34455398,0.8191757585904369
train-clinvar+pg_dms__bilstm__seed44,MLH1,P40692:295:S>N,1,0.45738372,0.8191757585904369
train-clinvar+pg_dms__bilstm__seed44,MLH1,P40692:304:D>V,1,0.20407367,0.8191757585904369
train-clinvar+pg_dms__bilstm__seed44,MLH1,P40692:306:N>K,1,0.37285978,0.8191757585904369
train-clinvar+pg_dms__bilstm__seed44,MLH1,P40692:325:R>Q,0,0.1534378,0.8191757585904369
train-clinvar+pg_dms__bilstm__seed44,MLH1,P40692:692:S>P,0,0.20841478,0.8191757585904369
train-clinvar+pg_dms__bilstm__seed44,MLH1,P40692:379:Y>C,0,0.05089364,0.8191757585904369
train-clinvar+pg_dms__bilstm__seed44,MLH1,P40692:127:R>I,1,0.53780353,0.8191757585904369
train-clinvar+pg_dms__bilstm__seed44,MLH1,P40692:653:L>P,1,0.9587738,0.8191757585904369
train-clinvar+pg_dms__bilstm__seed44,MLH1,P40692:559:L>P,1,0.8901846,0.8191757585904369
train-clinvar+pg_dms__bilstm__seed44,MLH1,P40692:755:R>G,1,0.6151927,0.8191757585904369
train-clinvar+pg_dms__bilstm__seed44,MLH1,P40692:37:E>G,1,0.65187997,0.8191757585904369
train-clinvar+pg_dms__bilstm__seed44,MLH1,P40692:194:V>G,1,0.26031655,0.8191757585904369
train-clinvar+pg_dms__bilstm__seed44,MLH1,P40692:311:K>E,1,0.6970933,0.8191757585904369
train-clinvar+pg_dms__bilstm__seed44,MLH1,P40692:681:A>P,1,0.9485814,0.8191757585904369
train-clinvar+pg_dms__bilstm__seed44,MLH1,P40692:551:N>S,0,0.24570833,0.8191757585904369
train-clinvar+pg_dms__bilstm__seed44,MLH1,P40692:98:G>F,1,0.20961156,0.8191757585904369
train-clinvar+pg_dms__bilstm__seed44,MLH1,P40692:125:A>E,1,0.9147598,0.8191757585904369
train-clinvar+pg_dms__bilstm__seed44,MLH1,P40692:265:R>P,1,0.8648194,0.8191757585904369
train-clinvar+pg_dms__bilstm__seed44,MLH1,P40692:555:L>R,1,0.9738952,0.8191757585904369
train-clinvar+pg_dms__bilstm__seed44,MLH1,P40692:556:S>N,1,0.7936479,0.8191757585904369
train-clinvar+pg_dms__bilstm__seed44,MLH1,P40692:41:D>V,1,0.27950186,0.8191757585904369
train-clinvar+pg_dms__bilstm__seed44,MLH1,P40692:304:D>Y,1,0.17700566,0.8191757585904369
train-clinvar+pg_dms__bilstm__seed44,MLH1,P40692:648:P>R,1,0.7401146,0.8191757585904369
train-clinvar+pg_dms__bilstm__seed44,MLH1,P40692:733:H>Y,0,0.09613801,0.8191757585904369
train-clinvar+pg_dms__bilstm__seed44,MLH1,P40692:640:P>T,1,0.6013567,0.8191757585904369
train-clinvar+pg_dms__bilstm__seed44,MLH1,P40692:276:I>R,1,0.9843411,0.8191757585904369
train-clinvar+pg_dms__bilstm__seed44,MLH1,P40692:308:H>P,1,0.6860834,0.8191757585904369
train-clinvar+pg_dms__bilstm__seed44,MLH1,P40692:101:G>R,1,0.7542932,0.8191757585904369
train-clinvar+pg_dms__bilstm__seed44,MLH1,P40692:147:G>E,1,0.96972543,0.8191757585904369
train-clinvar+pg_dms__bilstm__seed44,MLH1,P40692:44:S>Y,1,0.5031663,0.8191757585904369
train-clinvar+pg_dms__bilstm__seed44,MLH1,P40692:107:I>K,1,0.8430759,0.8191757585904369
train-clinvar+pg_dms__bilstm__seed44,MLH1,P40692:684:Y>D,1,0.92728215,0.8191757585904369
train-clinvar+pg_dms__bilstm__seed44,MLH1,P40692:265:R>G,1,0.62795174,0.8191757585904369
train-clinvar+pg_dms__bilstm__seed44,MLH1,P40692:127:R>T,1,0.5747993,0.8191757585904369
train-clinvar+pg_dms__bilstm__seed44,MLH1,P40692:51:V>D,1,0.98989785,0.8191757585904369
train-clinvar+pg_dms__bilstm__seed44,MLH1,P40692:38:N>Y,1,0.42473856,0.8191757585904369
train-clinvar+pg_dms__bilstm__seed44,MLH1,P40692:63:D>H,1,0.32991603,0.8191757585904369
train-clinvar+pg_dms__bilstm__seed44,MLH1,P40692:640:P>R,1,0.8615323,0.8191757585904369
train-clinvar+pg_dms__bilstm__seed44,MLH1,P40692:35:M>K,1,0.97438633,0.8191757585904369
train-clinvar+pg_dms__bilstm__seed44,MLH1,P40692:63:D>V,1,0.28076708,0.8191757585904369
train-clinvar+pg_dms__bilstm__seed44,MLH1,P40692:117:T>K,1,0.9687301,0.8191757585904369
train-clinvar+pg_dms__bilstm__seed44,MLH1,P40692:41:D>Y,1,0.20587453,0.8191757585904369
train-clinvar+pg_dms__bilstm__seed44,MLH1,P40692:582:L>R,1,0.9875985,0.8191757585904369
train-clinvar+pg_dms__bilstm__seed44,MLH1,P40692:622:L>R,1,0.9690643,0.8191757585904369
train-clinvar+pg_dms__bilstm__seed44,MLH1,P40692:632:E>D,1,0.045761224,0.8191757585904369
train-clinvar+pg_dms__bilstm__seed44,MLH1,P40692:23:E>D,1,0.177977,0.8191757585904369
train-clinvar+pg_dms__bilstm__seed44,MSH2,P43246:622:P>L,1,0.96834564,0.23279200494289398
train-clinvar+pg_dms__bilstm__seed44,MSH2,P43246:639:H>Y,1,0.9582544,0.23279200494289398
train-clinvar+pg_dms__bilstm__seed44,MSH2,P43246:524:R>P,1,0.99872726,0.23279200494289398
train-clinvar+pg_dms__bilstm__seed44,MSH2,P43246:322:G>D,0,0.008557922,0.23279200494289398
train-clinvar+pg_dms__bilstm__seed44,MSH2,P43246:636:A>P,1,0.66097444,0.23279200494289398
train-clinvar+pg_dms__bilstm__seed44,MSH2,P43246:102:V>I,0,0.022851631,0.23279200494289398
train-clinvar+pg_dms__bilstm__seed44,MSH2,P43246:127:N>S,0,0.007043883,0.23279200494289398
train-clinvar+pg_dms__bilstm__seed44,MSH2,P43246:390:L>F,0,0.0059268763,0.23279200494289398
train-clinvar+pg_dms__bilstm__seed44,MSH2,P43246:577:I>T,0,0.007374729,0.23279200494289398
train-clinvar+pg_dms__bilstm__seed44,MSH2,P43246:2:A>T,0,0.21994558,0.23279200494289398
train-clinvar+pg_dms__bilstm__seed44,MSH2,P43246:272:A>V,0,0.5682395,0.23279200494289398
train-clinvar+pg_dms__bilstm__seed44,MSH2,P43246:338:G>R,1,0.99937445,0.23279200494289398
train-clinvar+pg_dms__bilstm__seed44,MSH2,P43246:338:G>E,1,0.99044657,0.23279200494289398
train-clinvar+pg_dms__bilstm__seed44,MSH2,P43246:341:L>P,1,0.99965525,0.23279200494289398
train-clinvar+pg_dms__bilstm__seed44,MSH2,P43246:349:P>R,1,0.999869,0.23279200494289398
train-clinvar+pg_dms__bilstm__seed44,MSH2,P43246:349:P>L,1,0.9998983,0.23279200494289398
train-clinvar+pg_dms__bilstm__seed44,MSH2,P43246:359:R>S,1,0.99529296,0.23279200494289398
train-clinvar+pg_dms__bilstm__seed44,MSH2,P43246:419:Q>K,0,0.03850726,0.23279200494289398
train-clinvar+pg_dms__bilstm__seed44,MSH2,P43246:440:L>P,1,0.98348075,0.23279200494289398
train-clinvar+pg_dms__bilstm__seed44,MSH2,P43246:45:A>V,0,0.44656312,0.23279200494289398
train-clinvar+pg_dms__bilstm__seed44,MSH2,P43246:453:M>K,1,0.9703242,0.23279200494289398
train-clinvar+pg_dms__bilstm__seed44,MSH2,P43246:46:H>Q,0,0.027139435,0.23279200494289398
train-clinvar+pg_dms__bilstm__seed44,MSH2,P43246:554:S>G,1,0.8803566,0.23279200494289398
train-clinvar+pg_dms__bilstm__seed44,MSH2,P43246:554:S>C,1,0.96411675,0.23279200494289398
train-clinvar+pg_dms__bilstm__seed44,MSH2,P43246:554:S>T,1,0.8386387,0.23279200494289398
train-clinvar+pg_dms__bilstm__seed44,MSH2,P43246:556:L>S,1,0.9713822,0.23279200494289398
train-clinvar+pg_dms__bilstm__seed44,MSH2,P43246:564:T>A,0,0.001807757,0.23279200494289398
train-clinvar+pg_dms__bilstm__seed44,MSH2,P43246:583:N>T,0,0.025335735,0.23279200494289398
train-clinvar+pg_dms__bilstm__seed44,MSH2,P43246:587:G>R,1,0.99316037,0.23279200494289398
train-clinvar+pg_dms__bilstm__seed44,MSH2,P43246:587:G>A,1,0.9727333,0.23279200494289398
train-clinvar+pg_dms__bilstm__seed44,MSH2,P43246:600:A>V,1,0.8996406,0.23279200494289398
train-clinvar+pg_dms__bilstm__seed44,MSH2,P43246:603:D>G,1,0.98688626,0.23279200494289398
train-clinvar+pg_dms__bilstm__seed44,MSH2,P43246:622:P>T,1,0.98293626,0.23279200494289398
train-clinvar+pg_dms__bilstm__seed44,MSH2,P43246:629:Q>R,0,0.008799706,0.23279200494289398
train-clinvar+pg_dms__bilstm__seed44,MSH2,P43246:652:P>H,1,0.6922813,0.23279200494289398
train-clinvar+pg_dms__bilstm__seed44,MSH2,P43246:669:G>V,1,0.9990158,0.23279200494289398
train-clinvar+pg_dms__bilstm__seed44,MSH2,P43246:671:N>Y,1,0.94941837,0.23279200494289398
train-clinvar+pg_dms__bilstm__seed44,MSH2,P43246:674:G>R,1,0.9977506,0.23279200494289398
train-clinvar+pg_dms__bilstm__seed44,MSH2,P43246:674:G>D,1,0.9940613,0.23279200494289398
train-clinvar+pg_dms__bilstm__seed44,MSH2,P43246:683:G>R,1,0.96159494,0.23279200494289398
train-clinvar+pg_dms__bilstm__seed44,MSH2,P43246:704:I>M,1,0.7869847,0.23279200494289398
train-clinvar+pg_dms__bilstm__seed44,MSH2,P43246:687:L>P,1,0.9987197,0.23279200494289398
train-clinvar+pg_dms__bilstm__seed44,MSH2,P43246:688:M>R,1,0.9967564,0.23279200494289398
train-clinvar+pg_dms__bilstm__seed44,MSH2,P43246:692:G>R,1,0.99989164,0.23279200494289398
train-clinvar+pg_dms__bilstm__seed44,MSH2,P43246:692:G>V,1,0.9998853,0.23279200494289398
train-clinvar+pg_dms__bilstm__seed44,MSH2,P43246:696:P>L,1,0.9968201,0.23279200494289398
train-clinvar+pg_dms__bilstm__seed44,MSH2,P43246:697:C>R,1,0.99686617,0.23279200494289398
train-clinvar+pg_dms__bilstm__seed44,MSH2,P43246:697:C>F,1,0.99672866,0.23279200494289398
train-clinvar+pg_dms__bilstm__seed44,MSH2,P43246:71:G>D,1,0.8802631,0.23279200494289398
train-clinvar+pg_dms__bilstm__seed44,MSH2,P43246:708:I>N,1,0.98364127,0.23279200494289398
train-clinvar+pg_dms__bilstm__seed44,MSH2,P43246:749:E>K,1,0.8804776,0.23279200494289398
train-clinvar+pg_dms__bilstm__seed44,MSH2,P43246:751:G>R,1,0.96931076,0.23279200494289398
train-clinvar+pg_dms__bilstm__seed44,MSH2,P43246:8:T>M,0,0.011995641,0.23279200494289398
train-clinvar+pg_dms__bilstm__seed44,MSH2,P43246:834:A>T,0,0.054291688,0.23279200494289398
train-clinvar+pg_dms__bilstm__seed44,MSH2,P43246:860:S>L,0,0.022107463,0.23279200494289398
train-clinvar+pg_dms__bilstm__seed44,MSH2,P43246:905:T>R,0,0.022775402,0.23279200494289398
train-clinvar+pg_dms__bilstm__seed44,MSH2,P43246:93:L>F,1,0.74493957,0.23279200494289398
train-clinvar+pg_dms__bilstm__seed44,MSH2,P43246:96:R>H,0,0.030570159,0.23279200494289398
train-clinvar+pg_dms__bilstm__seed44,MSH2,P43246:106:R>K,0,0.0067979307,0.23279200494289398
train-clinvar+pg_dms__bilstm__seed44,MSH2,P43246:161:V>D,1,0.8236481,0.23279200494289398
train-clinvar+pg_dms__bilstm__seed44,MSH2,P43246:162:G>R,1,0.8698809,0.23279200494289398
train-clinvar+pg_dms__bilstm__seed44,MSH2,P43246:163:V>D,1,0.9697879,0.23279200494289398
train-clinvar+pg_dms__bilstm__seed44,MSH2,P43246:163:V>G,1,0.6527904,0.23279200494289398
train-clinvar+pg_dms__bilstm__seed44,MSH2,P43246:164:G>R,1,0.9691102,0.23279200494289398
train-clinvar+pg_dms__bilstm__seed44,MSH2,P43246:164:G>W,1,0.98576164,0.23279200494289398
train-clinvar+pg_dms__bilstm__seed44,MSH2,P43246:165:Y>D,1,0.9488677,0.23279200494289398
train-clinvar+pg_dms__bilstm__seed44,MSH2,P43246:167:D>H,0,0.19238238,0.23279200494289398
train-clinvar+pg_dms__bilstm__seed44,MSH2,P43246:169:I>V,0,0.01839323,0.23279200494289398
train-clinvar+pg_dms__bilstm__seed44,MSH2,P43246:173:L>P,1,0.9978064,0.23279200494289398
train-clinvar+pg_dms__bilstm__seed44,MSH2,P43246:173:L>R,1,0.9993549,0.23279200494289398
train-clinvar+pg_dms__bilstm__seed44,MSH2,P43246:175:L>P,1,0.9996791,0.23279200494289398
train-clinvar+pg_dms__bilstm__seed44,MSH2,P43246:187:L>P,1,0.9994855,0.23279200494289398
train-clinvar+pg_dms__bilstm__seed44,MSH2,P43246:187:L>R,1,0.9989943,0.23279200494289398
train-clinvar+pg_dms__bilstm__seed44,MSH2,P43246:198:E>G,0,0.9998604,0.23279200494289398
train-clinvar+pg_dms__bilstm__seed44,MSH2,P43246:199:C>R,1,0.9992717,0.23279200494289398
train-clinvar+pg_dms__bilstm__seed44,MSH2,P43246:199:C>Y,1,0.9994641,0.23279200494289398
train-clinvar+pg_dms__bilstm__seed44,MSH2,P43246:200:V>D,1,0.9949315,0.23279200494289398
train-clinvar+pg_dms__bilstm__seed44,MSH2,P43246:265:V>I,1,0.8028647,0.23279200494289398
train-clinvar+pg_dms__bilstm__seed44,MSH2,P43246:269:S>L,1,0.99251693,0.23279200494289398
train-clinvar+pg_dms__bilstm__seed44,MSH2,P43246:283:D>Y,0,0.54463047,0.23279200494289398
train-clinvar+pg_dms__bilstm__seed44,MSH2,P43246:310:L>P,1,0.9904903,0.23279200494289398
train-clinvar+pg_dms__bilstm__seed44,MSH2,P43246:310:L>R,1,0.9716078,0.23279200494289398
train-clinvar+pg_dms__bilstm__seed44,MSH2,P43246:330:L>P,1,0.9998745,0.23279200494289398
train-clinvar+pg_dms__bilstm__seed44,MSH2,P43246:333:C>R,1,0.9998215,0.23279200494289398
train-clinvar+pg_dms__bilstm__seed44,MSH2,P43246:333:C>Y,1,0.99986434,0.23279200494289398
train-clinvar+pg_dms__bilstm__seed44,MSH2,P43246:523:F>S,1,0.99518716,0.23279200494289398
train-clinvar+pg_dms__bilstm__seed44,MSH2,P43246:71:G>R,1,0.9427415,0.23279200494289398
train-clinvar+pg_dms__bilstm__seed44,MSH2,P43246:359:R>T,1,0.9813524,0.23279200494289398
train-clinvar+pg_dms__bilstm__seed44,MSH2,P43246:595:L>R,1,0.9980719,0.23279200494289398
train-clinvar+pg_dms__bilstm__seed44,MSH2,P43246:697:C>Y,1,0.9983375,0.23279200494289398
train-clinvar+pg_dms__bilstm__seed44,MSH2,P43246:164:G>E,1,0.9828251,0.23279200494289398
train-clinvar+pg_dms__bilstm__seed44,MSH2,P43246:408:Y>F,0,0.7452694,0.23279200494289398
train-clinvar+pg_dms__bilstm__seed44,MSH2,P43246:621:R>L,1,0.86592245,0.23279200494289398
train-clinvar+pg_dms__bilstm__seed44,MSH2,P43246:55:R>Q,0,0.0033243673,0.23279200494289398
train-clinvar+pg_dms__bilstm__seed44,MSH2,P43246:677:T>R,1,0.99139833,0.23279200494289398
train-clinvar+pg_dms__bilstm__seed44,MSH2,P43246:700:A>E,1,0.9997125,0.23279200494289398
train-clinvar+pg_dms__bilstm__seed44,MSH2,P43246:748:D>H,1,0.9954699,0.23279200494289398
train-clinvar+pg_dms__bilstm__seed44,MSH2,P43246:426:G>R,1,0.99589133,0.23279200494289398
train-clinvar+pg_dms__bilstm__seed44,MSH2,P43246:622:P>R,1,0.9954644,0.23279200494289398
train-clinvar+pg_dms__bilstm__seed44,MSH2,P43246:693:C>Y,1,0.99955946,0.23279200494289398
train-clinvar+pg_dms__bilstm__seed44,MSH2,P43246:621:R>G,1,0.9879161,0.23279200494289398
train-clinvar+pg_dms__bilstm__seed44,MSH2,P43246:761:G>R,1,0.45896003,0.23279200494289398
train-clinvar+pg_dms__bilstm__seed44,MSH2,P43246:726:M>I,0,0.16196965,0.23279200494289398
train-clinvar+pg_dms__bilstm__seed44,MSH2,P43246:774:I>V,1,0.5136787,0.23279200494289398
train-clinvar+pg_dms__bilstm__seed44,MSH2,P43246:349:P>T,1,0.999635,0.23279200494289398
train-clinvar+pg_dms__bilstm__seed44,MSH2,P43246:556:L>W,1,0.9977799,0.23279200494289398
train-clinvar+pg_dms__bilstm__seed44,MSH2,P43246:622:P>Q,1,0.9833181,0.23279200494289398
train-clinvar+pg_dms__bilstm__seed44,MSH2,P43246:660:D>G,1,0.3817451,0.23279200494289398
train-clinvar+pg_dms__bilstm__seed44,MSH2,P43246:689:A>P,1,0.99985826,0.23279200494289398
train-clinvar+pg_dms__bilstm__seed44,MSH2,P43246:692:G>W,1,0.9999386,0.23279200494289398
train-clinvar+pg_dms__bilstm__seed44,MSH2,P43246:694:F>S,1,0.99986064,0.23279200494289398
train-clinvar+pg_dms__bilstm__seed44,MSH2,P43246:801:H>P,1,0.99821883,0.23279200494289398
train-clinvar+pg_dms__bilstm__seed44,MSH2,P43246:356:I>R,1,0.9938759,0.23279200494289398
train-clinvar+pg_dms__bilstm__seed44,MSH2,P43246:602:L>P,1,0.9902671,0.23279200494289398
train-clinvar+pg_dms__bilstm__seed44,MSH2,P43246:333:C>W,1,0.9998727,0.23279200494289398
train-clinvar+pg_dms__bilstm__seed44,MSH2,P43246:367:V>I,0,0.014144545,0.23279200494289398
train-clinvar+pg_dms__bilstm__seed44,MSH2,P43246:855:Q>H,0,0.34390706,0.23279200494289398
train-clinvar+pg_dms__bilstm__seed44,MSH2,P43246:283:D>V,0,0.37339032,0.23279200494289398
train-clinvar+pg_dms__bilstm__seed44,MSH2,P43246:328:A>S,0,0.71976984,0.23279200494289398
train-clinvar+pg_dms__bilstm__seed44,MSH2,P43246:670:P>R,0,0.99751294,0.23279200494289398
train-clinvar+pg_dms__bilstm__seed44,MSH2,P43246:554:S>N,1,0.93798333,0.23279200494289398
train-clinvar+pg_dms__bilstm__seed44,MSH2,P43246:587:G>S,1,0.9808204,0.23279200494289398
train-clinvar+pg_dms__bilstm__seed44,MSH2,P43246:680:R>P,1,0.97773516,0.23279200494289398
train-clinvar+pg_dms__bilstm__seed44,MSH2,P43246:356:I>K,1,0.9905059,0.23279200494289398
train-clinvar+pg_dms__bilstm__seed44,MSH2,P43246:603:D>V,1,0.9894873,0.23279200494289398
train-clinvar+pg_dms__bilstm__seed44,MSH2,P43246:621:R>P,1,0.9982223,0.23279200494289398
train-clinvar+pg_dms__bilstm__seed44,MSH2,P43246:349:P>S,1,0.9998117,0.23279200494289398
train-clinvar+pg_dms__bilstm__seed44,MSH2,P43246:454:I>R,1,0.9924843,0.23279200494289398
train-clinvar+pg_dms__bilstm__seed44,MSH2,P43246:640:A>S,0,0.77353597,0.23279200494289398
train-clinvar+pg_dms__bilstm__seed44,MSH2,P43246:58:F>L,0,0.98481256,0.23279200494289398
train-clinvar+pg_dms__bilstm__seed44,MSH2,P43246:210:M>I,0,0.1309727,0.23279200494289398
train-clinvar+pg_dms__bilstm__seed44,MSH2,P43246:338:G>V,1,0.9992539,0.23279200494289398
train-clinvar+pg_dms__bilstm__seed44,MSH2,P43246:584:I>V,0,0.7274675,0.23279200494289398
train-clinvar+pg_dms__bilstm__seed44,MSH2,P43246:773:K>E,0,0.37424576,0.23279200494289398
train-clinvar+pg_dms__bilstm__seed44,MSH2,P43246:787:L>R,1,0.95469564,0.23279200494289398
train-clinvar+pg_dms__bilstm__seed44,MSH2,P43246:3:V>L,0,0.6605418,0.23279200494289398
train-clinvar+pg_dms__bilstm__seed44,MSH2,P43246:695:V>M,1,0.9991203,0.23279200494289398
train-clinvar+pg_dms__bilstm__seed44,MSH2,P43246:894:M>R,0,0.95418936,0.23279200494289398
train-clinvar+pg_dms__bilstm__seed44,MSH2,P43246:65:K>E,0,0.9820739,0.23279200494289398
train-clinvar+pg_dms__bilstm__seed44,MSH2,P43246:333:C>F,1,0.99965775,0.23279200494289398
train-clinvar+pg_dms__bilstm__seed44,MSH2,P43246:895:P>S,0,0.050278272,0.23279200494289398
train-clinvar+pg_dms__bilstm__seed44,MSH2,P43246:270:L>P,1,0.9964443,0.23279200494289398
train-clinvar+pg_dms__bilstm__seed44,MSH2,P43246:674:G>S,1,0.9959692,0.23279200494289398
train-clinvar+pg_dms__bilstm__seed44,MSH2,P43246:694:F>I,1,0.9999399,0.23279200494289398
train-clinvar+pg_dms__bilstm__seed44,MSH2,P43246:711:R>P,1,0.9984125,0.23279200494289398
train-clinvar+pg_dms__bilstm__seed44,MSH2,P43246:595:L>P,1,0.9992424,0.23279200494289398
train-clinvar+pg_dms__bilstm__seed44,MSH2,P43246:798:N>K,0,0.09255092,0.23279200494289398
train-clinvar+pg_dms__bilstm__seed44,MSH2,P43246:376:L>S,0,0.26309404,0.23279200494289398
train-clinvar+pg_dms__bilstm__seed44,MSH2,P43246:594:T>A,0,0.56346977,0.23279200494289398
train-clinvar+pg_dms__bilstm__seed44,MSH2,P43246:419:Q>E,0,0.9402533,0.23279200494289398
train-clinvar+pg_dms__bilstm__seed44,MSH2,P43246:359:R>I,1,0.9972716,0.23279200494289398
train-clinvar+pg_dms__bilstm__seed44,MSH2,P43246:504:G>A,1,0.68760395,0.23279200494289398
train-clinvar+pg_dms__bilstm__seed44,MSH2,P43246:440:L>R,1,0.9433065,0.23279200494289398
train-clinvar+pg_dms__bilstm__seed44,MSH2,P43246:207:A>V,0,0.3905122,0.23279200494289398
train-clinvar+pg_dms__bilstm__seed44,MSH2,P43246:685:I>R,1,0.9886232,0.23279200494289398
train-clinvar+pg_dms__bilstm__seed44,MSH2,P43246:763:A>P,1,0.99895716,0.23279200494289398
train-clinvar+pg_dms__bilstm__seed44,MSH2,P43246:115:N>K,0,0.35402662,0.23279200494289398
train-clinvar+pg_dms__bilstm__seed44,MSH2,P43246:109:N>D,0,0.2503301,0.23279200494289398
train-clinvar+pg_dms__bilstm__seed44,MSH2,P43246:478:L>R,1,0.9915623,0.23279200494289398
train-clinvar+pg_dms__bilstm__seed44,MSH2,P43246:603:D>Y,1,0.992519,0.23279200494289398
train-clinvar+pg_dms__bilstm__seed44,MSH2,P43246:610:H>P,1,0.9702804,0.23279200494289398
train-clinvar+pg_dms__bilstm__seed44,MSH2,P43246:687:L>R,1,0.99671614,0.23279200494289398
train-clinvar+pg_dms__bilstm__seed44,MSH2,P43246:690:Q>K,1,0.9995546,0.23279200494289398
train-clinvar+pg_dms__bilstm__seed44,MSH2,P43246:648:I>V,0,0.4439067,0.23279200494289398
train-clinvar+pg_dms__bilstm__seed44,MSH2,P43246:671:N>I,1,0.96016395,0.23279200494289398
train-clinvar+pg_dms__bilstm__seed44,MSH2,P43246:359:R>G,1,0.9952533,0.23279200494289398
train-clinvar+pg_dms__bilstm__seed44,MSH2,P43246:934:T>A,0,0.05605528,0.23279200494289398
train-clinvar+pg_dms__bilstm__seed44,MSH2,P43246:479:S>N,0,0.53250235,0.23279200494289398
train-clinvar+pg_dms__bilstm__seed44,MSH2,P43246:317:V>I,0,0.24168801,0.23279200494289398
train-clinvar+pg_dms__bilstm__seed44,MSH2,P43246:697:C>W,1,0.998716,0.23279200494289398
train-clinvar+pg_dms__bilstm__seed44,MSH2,P43246:839:H>Q,0,0.052324448,0.23279200494289398
train-clinvar+pg_dms__bilstm__seed44,MSH2,P43246:604:A>D,1,0.9801932,0.23279200494289398
train-clinvar+pg_dms__bilstm__seed44,MSH2,P43246:86:E>Q,0,0.9106514,0.23279200494289398
train-clinvar+pg_dms__bilstm__seed44,MSH2,P43246:281:S>L,0,0.30207133,0.23279200494289398
train-clinvar+pg_dms__bilstm__seed44,MSH2,P43246:460:M>I,0,0.79214764,0.23279200494289398
train-clinvar+pg_dms__bilstm__seed44,MSH2,P43246:31:T>I,0,0.0750434,0.23279200494289398
train-clinvar+pg_dms__bilstm__seed44,MSH6,P52701:878:V>A,0,0.07097142,0.6671756827901254
train-clinvar+pg_dms__bilstm__seed44,MSH6,P52701:39:G>E,0,0.21494009,0.6671756827901254
train-clinvar+pg_dms__bilstm__seed44,MSH6,P52701:396:L>V,0,0.07709093,0.6671756827901254
train-clinvar+pg_dms__bilstm__seed44,MSH6,P52701:509:V>A,0,0.30959272,0.6671756827901254
train-clinvar+pg_dms__bilstm__seed44,MSH6,P52701:1073:P>S,0,0.10735636,0.6671756827901254
train-clinvar+pg_dms__bilstm__seed44,MSH6,P52701:144:S>I,0,0.07460542,0.6671756827901254
train-clinvar+pg_dms__bilstm__seed44,MSH6,P52701:340:F>S,0,0.13372183,0.6671756827901254
train-clinvar+pg_dms__bilstm__seed44,MSH6,P52701:370:L>S,1,0.40436876,0.6671756827901254
train-clinvar+pg_dms__bilstm__seed44,MSH6,P52701:398:V>E,1,0.4623853,0.6671756827901254
train-clinvar+pg_dms__bilstm__seed44,MSH6,P52701:435:L>P,1,0.5635186,0.6671756827901254
train-clinvar+pg_dms__bilstm__seed44,MSH6,P52701:449:L>P,1,0.49743226,0.6671756827901254
train-clinvar+pg_dms__bilstm__seed44,MSH6,P52701:468:R>H,0,0.23658042,0.6671756827901254
train-clinvar+pg_dms__bilstm__seed44,MSH6,P52701:503:S>C,0,0.07539161,0.6671756827901254
train-clinvar+pg_dms__bilstm__seed44,MSH6,P52701:54:G>A,0,0.07790828,0.6671756827901254
train-clinvar+pg_dms__bilstm__seed44,MSH6,P52701:556:Y>F,0,0.30532876,0.6671756827901254
train-clinvar+pg_dms__bilstm__seed44,MSH6,P52701:585:L>P,1,0.45452416,0.6671756827901254
train-clinvar+pg_dms__bilstm__seed44,MSH6,P52701:65:S>L,0,0.0856505,0.6671756827901254
train-clinvar+pg_dms__bilstm__seed44,MSH6,P52701:686:G>D,1,0.4404829,0.6671756827901254
train-clinvar+pg_dms__bilstm__seed44,MSH6,P52701:694:C>R,1,0.42761016,0.6671756827901254
train-clinvar+pg_dms__bilstm__seed44,MSH6,P52701:706:F>S,1,0.42061982,0.6671756827901254
train-clinvar+pg_dms__bilstm__seed44,MSH6,P52701:772:R>W,1,0.42078263,0.6671756827901254
train-clinvar+pg_dms__bilstm__seed44,MSH6,P52701:781:P>S,1,0.4064338,0.6671756827901254
train-clinvar+pg_dms__bilstm__seed44,MSH6,P52701:800:V>L,0,0.20017953,0.6671756827901254
train-clinvar+pg_dms__bilstm__seed44,MSH6,P52701:81:A>T,0,0.073014244,0.6671756827901254
train-clinvar+pg_dms__bilstm__seed44,MSH6,P52701:1054:I>F,0,0.17282107,0.6671756827901254
train-clinvar+pg_dms__bilstm__seed44,MSH6,P52701:1076:R>C,1,0.19371068,0.6671756827901254
train-clinvar+pg_dms__bilstm__seed44,MSH6,P52701:1157:G>S,1,0.6116511,0.6671756827901254
train-clinvar+pg_dms__bilstm__seed44,MSH6,P52701:1163:E>V,0,0.1714205,0.6671756827901254
train-clinvar+pg_dms__bilstm__seed44,MSH6,P52701:1193:E>K,1,0.8379443,0.6671756827901254
train-clinvar+pg_dms__bilstm__seed44,MSH6,P52701:1304:R>K,0,0.16035503,0.6671756827901254
train-clinvar+pg_dms__bilstm__seed44,MSH6,P52701:1329:S>L,0,0.13401496,0.6671756827901254
train-clinvar+pg_dms__bilstm__seed44,MSH6,P52701:1334:R>Q,1,0.27550942,0.6671756827901254
train-clinvar+pg_dms__bilstm__seed44,MSH6,P52701:20:A>V,0,0.08407371,0.6671756827901254
train-clinvar+pg_dms__bilstm__seed44,MSH6,P52701:220:E>D,0,0.09983431,0.6671756827901254
train-clinvar+pg_dms__bilstm__seed44,MSH6,P52701:541:S>R,1,0.47179782,0.6671756827901254
train-clinvar+pg_dms__bilstm__seed44,MSH6,P52701:1055:A>P,1,0.7565801,0.6671756827901254
train-clinvar+pg_dms__bilstm__seed44,MSH6,P52701:1242:R>H,1,0.6969663,0.6671756827901254
train-clinvar+pg_dms__bilstm__seed44,MSH6,P52701:767:T>I,1,0.478972,0.6671756827901254
train-clinvar+pg_dms__bilstm__seed44,MSH6,P52701:350:A>V,0,0.091480754,0.6671756827901254
train-clinvar+pg_dms__bilstm__seed44,MSH6,P52701:164:H>P,0,0.12560424,0.6671756827901254
train-clinvar+pg_dms__bilstm__seed44,MSH6,P52701:1157:G>C,1,0.6183646,0.6671756827901254
train-clinvar+pg_dms__bilstm__seed44,MSH6,P52701:122:E>K,0,0.1151016,0.6671756827901254
train-clinvar+pg_dms__bilstm__seed44,MSH6,P52701:432:F>S,1,0.4030306,0.6671756827901254
train-clinvar+pg_dms__bilstm__seed44,MSH6,P52701:439:D>G,1,0.42101693,0.6671756827901254
train-clinvar+pg_dms__bilstm__seed44,MSH6,P52701:1058:D>H,1,0.815418,0.6671756827901254
train-clinvar+pg_dms__bilstm__seed44,MSH6,P52701:1211:L>P,1,0.87395334,0.6671756827901254
train-clinvar+pg_dms__bilstm__seed44,MSH6,P52701:1144:M>R,1,0.8635752,0.6671756827901254
train-clinvar+pg_dms__bilstm__seed44,MSH6,P52701:969:Y>C,1,0.37862125,0.6671756827901254
train-clinvar+pg_dms__bilstm__seed44,MSH6,P52701:1:M>I,1,0.14420797,0.6671756827901254
train-clinvar+pg_dms__bilstm__seed44,MSH6,P52701:1334:R>P,1,0.6623301,0.6671756827901254
train-clinvar+pg_dms__bilstm__seed44,MSH6,P52701:413:W>S,1,0.39993492,0.6671756827901254
train-clinvar+pg_dms__bilstm__seed44,MSH6,P52701:153:G>S,1,0.4724788,0.6671756827901254
train-clinvar+pg_dms__bilstm__seed44,MSH6,P52701:323:T>I,0,0.0955906,0.6671756827901254
train-clinvar+pg_dms__bilstm__seed44,MSH6,P52701:922:R>Q,0,0.15956593,0.6671756827901254
train-clinvar+pg_dms__bilstm__seed44,MSH6,P52701:1063:L>R,1,0.80827224,0.6671756827901254
train-clinvar+pg_dms__bilstm__seed44,MSH6,P52701:413:W>C,1,0.3848996,0.6671756827901254
train-clinvar+pg_dms__bilstm__seed44,MSH6,P52701:1076:R>G,1,0.60471433,0.6671756827901254
train-clinvar+pg_dms__bilstm__seed44,MSH6,P52701:781:P>L,1,0.40870664,0.6671756827901254
train-clinvar+pg_dms__bilstm__seed44,MSH6,P52701:1139:G>V,1,0.82047975,0.6671756827901254
train-clinvar+pg_dms__bilstm__seed44,MSH6,P52701:496:C>Y,0,0.34937394,0.6671756827901254
train-clinvar+pg_dms__bilstm__seed44,MSH6,P52701:853:K>N,1,0.39792782,0.6671756827901254
train-clinvar+pg_dms__bilstm__seed44,MSH6,P52701:1128:Y>F,0,0.09269744,0.6671756827901254
train-clinvar+pg_dms__bilstm__seed44,MSH6,P52701:367:H>R,1,0.43111607,0.6671756827901254
train-clinvar+pg_dms__bilstm__seed44,MSH6,P52701:482:R>P,1,0.5043671,0.6671756827901254
train-clinvar+pg_dms__bilstm__seed44,MSH6,P52701:745:I>N,1,0.4326512,0.6671756827901254
train-clinvar+pg_dms__bilstm__seed44,MSH6,P52701:467:G>D,0,0.37234473,0.6671756827901254
train-clinvar+pg_dms__bilstm__seed44,MSH6,P52701:1157:G>D,1,0.8417418,0.6671756827901254
train-clinvar+pg_dms__bilstm__seed44,MSH6,P52701:418:S>P,1,0.49642292,0.6671756827901254
train-clinvar+pg_dms__bilstm__seed44,MSH6,P52701:480:V>E,1,0.4453906,0.6671756827901254
train-clinvar+pg_dms__bilstm__seed44,MSH6,P52701:221:E>D,0,0.10705313,0.6671756827901254
train-clinvar+pg_dms__bilstm__seed44,MSH6,P52701:907:V>A,0,0.15779348,0.6671756827901254
train-clinvar+pg_dms__bilstm__seed44,MSH6,P52701:215:V>I,0,0.08930979,0.6671756827901254
train-clinvar+pg_dms__bilstm__seed44,MSH6,P52701:1155:Q>R,1,0.80153054,0.6671756827901254
train-clinvar+pg_dms__bilstm__seed44,MSH6,P52701:413:W>R,1,0.44005626,0.6671756827901254
train-clinvar+pg_dms__bilstm__seed44,MSH6,P52701:1:M>V,1,0.0964699,0.6671756827901254
train-clinvar+pg_dms__bilstm__seed44,MSH6,P52701:1198:A>P,1,0.8505906,0.6671756827901254
train-clinvar+pg_dms__bilstm__seed44,MSH6,P52701:432:F>L,1,0.40815353,0.6671756827901254
train-clinvar+pg_dms__bilstm__seed44,MSH6,P52701:1334:R>L,1,0.46360996,0.6671756827901254
train-clinvar+pg_dms__bilstm__seed44,PMS2,P54278:46:S>I,1,0.46597826,0.6378187226922545
train-clinvar+pg_dms__bilstm__seed44,PMS2,P54278:18:I>V,0,0.031533677,0.6378187226922545
train-clinvar+pg_dms__bilstm__seed44,PMS2,P54278:20:R>Q,0,0.06693907,0.6378187226922545
train-clinvar+pg_dms__bilstm__seed44,PMS2,P54278:46:S>N,1,0.9282254,0.6378187226922545
train-clinvar+pg_dms__bilstm__seed44,PMS2,P54278:60:D>E,0,0.31327894,0.6378187226922545
train-clinvar+pg_dms__bilstm__seed44,PMS2,P54278:1:M>V,1,0.07838641,0.6378187226922545
train-clinvar+pg_dms__bilstm__seed44,PMS2,P54278:205:Q>P,1,0.36532393,0.6378187226922545
train-clinvar+pg_dms__bilstm__seed44,PMS2,P54278:301:K>N,1,0.54646105,0.6378187226922545
train-clinvar+pg_dms__bilstm__seed44,PMS2,P54278:56:L>V,0,0.138861,0.6378187226922545
train-clinvar+pg_dms__bilstm__seed44,PMS2,P54278:1:M>T,1,0.11624623,0.6378187226922545
train-clinvar+pg_dms__bilstm__seed44,PMS2,P54278:107:R>W,1,0.61635405,0.6378187226922545
train-clinvar+pg_dms__bilstm__seed44,PMS2,P54278:1:M>L,1,0.09000776,0.6378187226922545
train-clinvar+pg_dms__bilstm__seed44,PMS2,P54278:1:M>K,1,0.18217555,0.6378187226922545
train-clinvar+pg_dms__bilstm__seed44,PMS2,P54278:1:M>R,1,0.099849015,0.6378187226922545
train-clinvar+pg_dms__bilstm__seed44,PMS2,P54278:1:M>I,1,0.16109225,0.6378187226922545
train-clinvar+pg_dms__bilstm__seed44,PMS2,P54278:74:G>R,1,0.9761101,0.6378187226922545
train-clinvar+pg_dms__bilstm__seed44,PMS2,P54278:118:S>N,1,0.9569704,0.6378187226922545
train-clinvar+pg_dms__bilstm__seed44,PMS2,P54278:271:G>D,1,0.9192882,0.6378187226922545
train-clinvar+pg_dms__bilstm__seed44,PMS2,P54278:271:G>R,1,0.80597395,0.6378187226922545
train-clinvar+pg_dms__bilstm__seed44,PMS2,P54278:74:G>E,1,0.98074794,0.6378187226922545
train-clinvar+pg_dms__bilstm__seed44,PMS2,P54278:118:S>T,1,0.8299711,0.6378187226922545
